nama_file,kelas_asli,grade_sebenarnya,skor_akhir,grade_prediksi,broken_terpicu,sour_terpicu,withered_terpicu,drycherry_terpicu,insect_terpicu,log_penalti,area,circularity,solidity,aspect_ratio,extent,holes_count,mean_intensity
premium-700.jpg,Normal,1,15,5,False,False,False,False,True,Insect Damage (1 holes),8577.5,0.8563679974139023,0.9904162577218405,0.7142857142857143,0.7563932980599647,1,123.13069873997709
premium-701.jpg,Normal,1,100,1,False,False,False,False,False,,9936.0,0.8510989579636966,0.9893458130040824,0.75,0.7603305785123967,0,133.6630370223718
premium-702.jpg,Normal,1,100,1,False,False,False,False,False,,12094.0,0.8045736138235569,0.9852947166890709,0.8661971830985915,0.6924310088171304,0,127.1801302931596
premium-703.jpg,Normal,1,100,1,False,False,False,False,False,,9564.0,0.8621604370626749,0.9905235358086065,0.7578125,0.7702963917525774,0,101.09644252519021
premium-704.jpg,Normal,1,15,5,False,False,False,False,True,Insect Damage (1 holes),7919.5,0.8412428399935289,0.9868535825545172,0.7213114754098361,0.737658345752608,1,118.70112805255981
premium-705.jpg,Normal,1,15,5,False,False,False,False,True,Insect Damage (1 holes),10196.5,0.7790767049106809,0.9853594897564747,0.668918918918919,0.6959118209118209,1,135.73758318063457
premium-706.jpg,Normal,1,25,4,True,False,False,False,False,"Broken (AR:0.64, Ext:0.74)",10471.5,0.6914848240391004,0.9757722592368262,0.6375838926174496,0.7397739314729778,0,145.00909858362255
premium-707.jpg,Normal,1,0,5,True,False,False,False,True,"Broken (AR:0.63, Ext:0.75), Insect Damage (2 holes)",10177.0,0.7985373057536923,0.9841883854745902,0.6258503401360545,0.7525140490979,2,147.7464258114374
premium-708.jpg,Normal,1,100,1,False,False,False,False,False,,9683.5,0.8341288454266724,0.987356614835585,0.6962962962962963,0.7630811662726557,0,121.60142131979696
premium-709.jpg,Normal,1,10,5,False,False,False,False,True,Insect Damage (4 holes),12745.5,0.8271783430204499,0.9867993186745122,0.7290322580645161,0.7276905509563232,4,123.91982372042678
premium-710.jpg,Normal,1,100,1,False,False,False,False,False,,9420.0,0.8561116917229209,0.9879909801248099,0.7795275590551181,0.7492245287520878,0,113.0786012526096
premium-711.jpg,Normal,1,10,5,False,False,False,False,True,Insect Damage (4 holes),9049.5,0.8010624797789314,0.9833740831295843,0.6666666666666666,0.7448148148148148,4,114.74959296646044
premium-712.jpg,Normal,1,100,1,False,False,False,False,False,,5654.0,0.8629693468517708,0.9872533612711717,0.8210526315789474,0.7630229419703104,0,135.61463921093616
premium-713.jpg,Normal,1,15,5,False,False,False,False,True,Insect Damage (1 holes),13419.0,0.7806809176513001,0.9857851239669422,0.7151515151515152,0.6892141756548537,1,124.98648847114114
premium-714.jpg,Normal,1,0,5,True,False,False,False,True,"Broken (AR:0.63, Ext:0.76), Insect Damage (2 holes)",15087.5,0.8131764142048056,0.9897985960768878,0.6292134831460674,0.7567967495987159,2,106.49205726613062
premium-715.jpg,Normal,1,100,1,False,False,False,False,False,,10260.0,0.8340946414736897,0.9853541416566627,0.6950354609929078,0.742509769865393,0,120.36705340876402
premium-716.jpg,Normal,1,10,5,False,False,False,False,True,Insect Damage (2 holes),10218.5,0.8367295208507358,0.9842989934017242,0.7372262773722628,0.7384910023849101,2,142.75382689900837
premium-717.jpg,Normal,1,0,5,True,False,False,False,True,"Broken (AR:0.64, Ext:0.75), Insect Damage (1 holes)",8364.5,0.8044928530592796,0.9850438673968086,0.6363636363636364,0.7543740981240982,1,119.01865759211452
premium-718.jpg,Normal,1,100,1,False,False,False,False,False,,10596.5,0.7931223752817707,0.9837534233857865,0.7338129496402878,0.7473903230356891,0,100.42268423983664
premium-719.jpg,Normal,1,10,5,False,False,False,False,True,Insect Damage (4 holes),12259.5,0.8159611191664933,0.9864022207024178,0.7320261437908496,0.7154236694677871,4,114.12182577949213
premium-720.jpg,Normal,1,0,5,True,False,False,False,True,"Broken (AR:0.58, Ext:0.78), Insect Damage (3 holes)",15009.5,0.7747660240070077,0.9848107079587953,0.5824175824175825,0.7780167945262285,3,120.75111636459154
premium-721.jpg,Normal,1,0,5,True,False,False,False,True,"Broken (AR:0.64, Ext:0.77), Insect Damage (1 holes)",12462.0,0.8238435795512121,0.9897152841202398,0.6415094339622641,0.7684054753977062,1,120.36555485298767
premium-722.jpg,Normal,1,15,5,False,False,False,False,True,Insect Damage (1 holes),10624.0,0.8364776208458871,0.9889230196406963,0.7463768115942029,0.7474321091881244,1,118.5166249884227
premium-723.jpg,Normal,1,100,1,False,False,False,False,False,,10300.5,0.8698862843985622,0.9896714066102997,0.828125,0.7591760023584906,0,127.83833365182495
premium-724.jpg,Normal,1,25,4,True,False,False,False,False,"Broken (AR:0.56, Ext:0.76)",11434.5,0.764254916045137,0.9878617710583153,0.5609756097560976,0.7578539236479321,0,112.16635128161019
premium-725.jpg,Normal,1,100,1,False,False,False,False,False,,11495.5,0.835183774760477,0.9854693527646806,0.7569444444444444,0.7323840468909276,0,150.21612129518587
premium-726.jpg,Normal,1,100,1,False,False,False,False,False,,7722.0,0.8550596797889958,0.9883527454242929,0.8636363636363636,0.7389473684210527,0,159.53082496504385
premium-727.jpg,Normal,1,15,5,False,False,False,False,True,Insect Damage (1 holes),10802.0,0.830301018615447,0.9889677271686885,0.6827586206896552,0.7524904214559387,1,127.19677507515715
premium-728.jpg,Normal,1,100,1,False,False,False,False,False,,12010.0,0.822828102751095,0.9885180460101238,0.777027027027027,0.7056404230317274,0,132.76377952755905
premium-729.jpg,Normal,1,15,5,False,False,False,False,True,Insect Damage (1 holes),10779.0,0.8623186484444111,0.9890351883286691,0.8045112781954887,0.7574309605790176,1,112.41954337899543
premium-730.jpg,Normal,1,15,5,False,False,False,False,True,Insect Damage (1 holes),11343.0,0.8571701358194777,0.9877220480668757,0.953125,0.7263703893442623,1,125.93660993400486
premium-731.jpg,Normal,1,10,5,False,False,False,False,True,Insect Damage (2 holes),12027.0,0.8142895190793432,0.9851736566186108,1.263157894736842,0.7326388888888888,2,135.52947437366956
premium-732.jpg,Normal,1,100,1,False,False,False,False,False,,14299.0,0.8184421901600675,0.9882507429677241,0.9139072847682119,0.6861982915826855,0,112.83437952679864
premium-733.jpg,Normal,1,100,1,False,False,False,False,False,,11650.0,0.8294003229653116,0.9892582685857428,0.695364238410596,0.7347839798170924,0,120.60600169061708
premium-734.jpg,Normal,1,100,1,False,False,False,False,False,,8126.5,0.8723327031453938,0.9890464309620884,0.8807339449541285,0.7766150611620795,0,123.15985983566941
premium-735.jpg,Normal,1,10,5,False,False,False,False,True,Insect Damage (2 holes),13092.0,0.8570493887451396,0.9912549687677455,0.6987179487179487,0.7699364855328158,2,121.51923800918605
premium-736.jpg,Normal,1,100,1,False,False,False,False,False,,10653.0,0.8486870530424924,0.9881272609219924,0.8257575757575758,0.7404086738949124,0,120.37629342202513
premium-737.jpg,Normal,1,100,1,False,False,False,False,False,,12275.0,0.8440141997657191,0.9875698942033067,0.7465753424657534,0.7713334171170039,0,134.0875461402664
premium-738.jpg,Normal,1,10,5,False,False,False,False,True,Insect Damage (5 holes),14058.5,0.8055105524791534,0.9875316100028098,0.8,0.6864501953125,5,144.41691800519044
premium-739.jpg,Normal,1,100,1,False,False,False,False,False,,13355.0,0.8390025809711682,0.9815161871164517,0.9366197183098591,0.7071375622153977,0,142.51033668044892
premium-740.jpg,Normal,1,15,5,False,False,False,False,True,Insect Damage (1 holes),12182.0,0.8153495853613112,0.9879967558799676,0.8125,0.7230531813865148,1,133.27326380467298
premium-741.jpg,Normal,1,100,1,False,False,False,False,False,,13764.0,0.8430123675432672,0.9900733707380233,0.7278481012658228,0.7575123830489818,0,122.2535100286533
premium-742.jpg,Normal,1,10,5,False,False,False,False,True,Insect Damage (4 holes),13405.5,0.8310346450315679,0.9895548829999262,0.7025316455696202,0.7643687991789258,4,113.24283193647993
premium-743.jpg,Normal,1,100,1,False,False,False,False,False,,10173.5,0.8518277948927375,0.9904108255451713,0.823076923076923,0.7313803019410496,0,120.65228745526646
premium-744.jpg,Normal,1,100,1,False,False,False,False,False,,9808.5,0.8412430498825082,0.9883615477629988,0.7164179104477612,0.7624766791044776,0,133.60621553884712
premium-745.jpg,Normal,1,100,1,False,False,False,False,False,,7553.0,0.8608462554460057,0.9882891723912333,0.8440366972477065,0.7531910650179497,0,117.56327962577963
premium-746.jpg,Normal,1,100,1,False,False,False,False,False,,10968.0,0.8106642704058146,0.9856661424399011,0.6644295302013423,0.7435428106569046,0,130.4213689782004
premium-747.jpg,Normal,1,10,5,False,False,False,False,True,Insect Damage (3 holes),12683.5,0.8349249895392115,0.9878884648337098,0.6883116883116883,0.776984807645185,3,139.3433009708738
premium-748.jpg,Normal,1,100,1,False,False,False,False,False,,13158.0,0.8338488379078424,0.9862089641732874,0.7516339869281046,0.7478260869565218,0,144.82915137442887
premium-749.jpg,Normal,1,15,5,False,False,False,False,True,Insect Damage (1 holes),11235.0,0.8545055445250431,0.9892577265122832,0.7898550724637681,0.7469086557638612,1,125.58304847050574
premium-750.jpg,Normal,1,15,5,False,False,False,False,True,Insect Damage (1 holes),7300.0,0.8567460914292014,0.9863531955141197,0.8090909090909091,0.745658835546476,1,116.16758500201585
premium-751.jpg,Normal,1,10,5,False,False,False,False,True,Insect Damage (2 holes),9886.0,0.8353166143002821,0.9888472118029508,0.7555555555555555,0.7179375453885258,2,142.40756218905472
premium-752.jpg,Normal,1,15,5,False,False,False,False,True,Insect Damage (1 holes),11222.5,0.8618393889127508,0.989202291758484,0.9384615384615385,0.7075977301387137,1,114.34682233146067
premium-753.jpg,Normal,1,0,5,True,False,False,False,True,"Broken (AR:0.62, Ext:0.72), Insect Damage (2 holes)",12111.0,0.7814746921217098,0.9867198957145185,0.6219512195121951,0.7239956958393113,2,138.12282555682003
premium-754.jpg,Normal,1,100,1,False,False,False,False,False,,7361.0,0.8048181359370035,0.9831051752921536,0.6991869918699187,0.695878237852146,0,120.31805463024651
premium-755.jpg,Normal,1,15,5,False,False,False,False,True,Insect Damage (1 holes),10366.5,0.8776669126331048,0.9891226563618148,0.9745762711864406,0.763927781871776,1,120.19443653280167
premium-756.jpg,Normal,1,100,1,False,False,False,False,False,,9877.5,0.8297290825871295,0.9892338507761642,0.65,0.7753139717425431,0,132.56579733227156
premium-757.jpg,Normal,1,10,5,False,False,False,False,True,Insect Damage (2 holes),12930.0,0.8395357938769371,0.9881543752388231,0.7697368421052632,0.7270580296896086,2,109.88366242281009
premium-758.jpg,Normal,1,100,1,False,False,False,False,False,,12832.0,0.8563726984103576,0.9868491886487734,0.9071428571428571,0.7217097862767154,0,125.90258143822987
premium-759.jpg,Normal,1,15,5,False,False,False,False,True,Insect Damage (1 holes),11713.5,0.847063942228876,0.9856115107913669,0.855072463768116,0.7193257184966838,1,138.99428090832632
premium-760.jpg,Normal,1,0,5,False,False,True,False,True,"Withered (signals:3), Insect Damage (5 holes)",11218.5,0.8188764336536424,0.9846835776353902,0.7222222222222222,0.7490985576923077,5,148.17203263444162
premium-761.jpg,Normal,1,10,5,False,False,False,False,True,Insect Damage (8 holes),11386.5,0.850826301863652,0.9874685630040759,0.7697841726618705,0.7655819269817791,8,122.6970168612192
premium-762.jpg,Normal,1,10,5,False,False,False,False,True,Insect Damage (3 holes),10327.0,0.8255664570617274,0.9892710029696331,0.7608695652173914,0.7126984126984127,3,131.9487423780488
premium-763.jpg,Normal,1,0,5,True,False,False,False,True,"Broken (AR:0.60, Ext:0.77), Insect Damage (1 holes)",11422.5,0.8012213740621845,0.9867824284048206,0.5987261146496815,0.7739869901070606,1,128.5696071674707
premium-764.jpg,Normal,1,10,5,False,False,False,False,True,Insect Damage (4 holes),12920.5,0.7729644743473896,0.9841940889701402,0.8503401360544217,0.7031564625850341,4,124.76833917950282
premium-765.jpg,Normal,1,100,1,False,False,False,False,False,,10905.0,0.8138840854076705,0.9884880348078318,0.6917808219178082,0.7395225823952258,0,114.91717044121627
premium-766.jpg,Normal,1,10,5,False,False,False,False,True,Insect Damage (2 holes),11798.5,0.8316359782873091,0.9885216371329228,0.6776315789473685,0.7536088400613183,2,118.6454386111343
premium-767.jpg,Normal,1,100,1,False,False,False,False,False,,10870.0,0.8436084367310765,0.9884513958352278,0.7153284671532847,0.809623119320721,0,128.7891211874378
premium-768.jpg,Normal,1,15,5,False,False,False,False,True,Insect Damage (1 holes),11030.5,0.7493514705713518,0.9724071053907524,0.66,0.7427946127946128,1,121.55619930475086
premium-769.jpg,Normal,1,100,1,False,False,False,False,False,,8999.0,0.8357336412306591,0.9879240311779559,0.7230769230769231,0.7364157119476269,0,116.69465982308617
premium-770.jpg,Normal,1,100,1,False,False,False,False,False,,8603.5,0.8622966951726783,0.9882265104525615,1.1372549019607843,0.7271382691007438,0,120.38131140050263
premium-771.jpg,Normal,1,10,5,False,False,False,False,True,Insect Damage (2 holes),10234.0,0.8455680518524279,0.9866949479367528,0.762962962962963,0.7359942466738584,2,118.8342467070474
premium-772.jpg,Normal,1,0,5,True,False,False,False,True,"Broken (AR:0.60, Ext:0.76), Insect Damage (1 holes)",12488.0,0.7733231781134301,0.9879746835443038,0.5963855421686747,0.7598880369964708,1,124.21255124566383
premium-773.jpg,Normal,1,15,5,False,False,False,False,True,Insect Damage (1 holes),11430.0,0.8150687167686531,0.9870040153706662,0.7019867549668874,0.7141072097963264,1,125.50521147385649
premium-774.jpg,Normal,1,10,5,False,False,False,False,True,Insect Damage (4 holes),11523.0,0.8094236557599818,0.98706527325681,0.72,0.7112962962962963,4,138.60252904989747
premium-775.jpg,Normal,1,10,5,False,False,False,False,True,Insect Damage (3 holes),13374.5,0.8323905521145575,0.9853753775878582,0.7973856209150327,0.7165166613093324,3,125.18796992481202
premium-776.jpg,Normal,1,0,5,True,False,False,False,True,"Broken (AR:0.64, Ext:0.75), Insect Damage (2 holes)",16042.5,0.7972376692548265,0.9874130608727765,0.639344262295082,0.7492643968053804,2,113.79209199360473
premium-777.jpg,Normal,1,15,5,False,False,False,False,True,Insect Damage (1 holes),11385.5,0.8179492162500747,0.9878101683151137,0.6688741721854304,0.7465412104124319,1,113.23595019885872
premium-778.jpg,Normal,1,25,4,True,False,False,False,False,"Broken (AR:0.58, Ext:0.74)",11744.0,0.7346827232933555,0.9807098121085595,0.5818181818181818,0.7414141414141414,0,124.65343715984258
premium-779.jpg,Normal,1,100,1,False,False,False,False,False,,10427.5,0.8493733772133498,0.9907834101382489,0.7727272727272727,0.7744726678550208,0,126.66430795358053
premium-780.jpg,Normal,1,10,5,False,False,False,False,True,Insect Damage (3 holes),12314.5,0.8113809841314377,0.9869364856742135,0.660377358490566,0.7376160527103923,3,134.60249540110374
premium-781.jpg,Normal,1,100,1,False,False,False,False,False,,9970.5,0.8758082510936097,0.9902174992551396,0.9914529914529915,0.7346374889478338,0,124.58552956272825
premium-782.jpg,Normal,1,100,1,False,False,False,False,False,,7622.0,0.823608477866549,0.9864112851041802,0.8495575221238938,0.702617994100295,0,131.80056649929188
premium-783.jpg,Normal,1,25,4,True,False,False,False,False,"Broken (AR:0.64, Ext:0.76)",9660.5,0.819958656758299,0.9889946764946765,0.6382978723404256,0.7612687155240346,0,126.08943833943835
premium-784.jpg,Normal,1,15,5,False,False,False,False,True,Insect Damage (1 holes),13932.0,0.857733249537019,0.9886460403065569,0.82,0.7551219512195122,1,135.93855737240744
premium-785.jpg,Normal,1,100,1,False,False,False,False,False,,10733.0,0.818850629277075,0.986670343813201,0.6971830985915493,0.7634798691136719,0,134.738496791934
premium-786.jpg,Normal,1,100,1,False,False,False,False,False,,8889.5,0.8417620356475636,0.9885460105643592,0.6846153846153846,0.768323249783924,0,139.61140583554376
premium-787.jpg,Normal,1,10,5,False,False,False,False,True,Insect Damage (2 holes),10662.0,0.831959959236801,0.9876337362790052,0.8923076923076924,0.7070291777188329,2,138.3030554786301
premium-788.jpg,Normal,1,100,1,False,False,False,False,False,,11207.5,0.8422565513643845,0.9902805389882925,0.673469387755102,0.7701161272589844,0,131.4437417654809
premium-789.jpg,Normal,1,15,5,False,False,False,False,True,Insect Damage (1 holes),9086.0,0.8369067022014061,0.9884682332463012,0.6893939393939394,0.7564102564102564,1,132.16915422885572
premium-790.jpg,Normal,1,100,1,False,False,False,False,False,,8819.0,0.8486782933199356,0.9887879807153268,0.7804878048780488,0.7468665311653117,0,109.72701949860725
premium-791.jpg,Normal,1,10,5,False,False,False,False,True,Insect Damage (2 holes),9717.0,0.8362096617192142,0.985596916522974,1.0892857142857142,0.7111387587822015,2,130.3038064385503
premium-792.jpg,Normal,1,15,5,False,False,False,False,True,Insect Damage (1 holes),9837.5,0.8513451936987319,0.9892900241351569,1.0085470085470085,0.712552513399971,1,131.30453045304532
premium-793.jpg,Normal,1,15,5,False,False,False,False,True,Insect Damage (1 holes),9775.0,0.8174370857324049,0.9861783696529459,1.1944444444444444,0.7016221648004594,1,129.06961770623744
premium-794.jpg,Normal,1,100,1,False,False,False,False,False,,10238.0,0.8694295222080447,0.9896090087477647,0.8492063492063492,0.7593828808782079,0,115.93762014609766
premium-795.jpg,Normal,1,25,4,True,False,False,False,False,"Broken (AR:0.95, Ext:0.67)",10734.0,0.8105839262192887,0.9871706442267899,0.9538461538461539,0.6658808933002481,0,130.4426409903714
premium-796.jpg,Normal,1,10,5,False,False,False,False,True,Insect Damage (2 holes),12241.0,0.8451811662756751,0.988412935524244,0.8642857142857143,0.7226092089728453,2,140.93190050712388
premium-797.jpg,Normal,1,15,5,False,False,False,False,True,Insect Damage (1 holes),11090.0,0.7140224053249314,0.9796387085376088,0.7659574468085106,0.7282637247176255,1,142.16205673758864
premium-798.jpg,Normal,1,10,5,False,False,False,False,True,Insect Damage (3 holes),10285.0,0.8446990870348839,0.9872336340948359,1.4285714285714286,0.7496355685131195,3,144.02984789055773
premium-799.jpg,Normal,1,10,5,False,False,False,False,True,Insect Damage (2 holes),12247.5,0.8240256356542135,0.988139900762435,1.0227272727272727,0.6872895622895623,2,132.60337892196299
premium-800.jpg,Normal,1,0,5,False,False,True,False,True,"Withered (signals:4), Insect Damage (1 holes)",9571.5,0.8579073045871611,0.9882808466701084,1.073394495412844,0.7505292872265349,1,147.51176410151032
Withered_01.jpg,Withered,2,70,2,False,False,True,False,False,Withered (signals:3),5749.5,0.7764904225530189,0.9774736484189052,1.36986301369863,0.7876027397260273,0,137.93322005097707
Withered_02.jpg,Withered,2,70,2,False,False,True,False,False,Withered (signals:5),6243.5,0.817443921665778,0.9796030438534558,1.2093023255813953,0.6980657423971377,0,146.7478042659975
Withered_03.jpg,Withered,2,70,2,False,False,True,False,False,Withered (signals:4),5256.0,0.8270707216143418,0.9869495821988545,1.356164383561644,0.7272727272727273,0,152.52826329490517
Withered_04.jpg,Withered,2,70,2,False,False,True,False,False,Withered (signals:5),5379.0,0.8345708383821228,0.9825554845191342,1.4366197183098592,0.7427506213753107,0,150.32715376226827
Withered_05.jpg,Withered,2,70,2,False,False,True,False,False,Withered (signals:5),7037.5,0.8281826512221179,0.9821366268927499,1.4337349397590362,0.7125139212311431,0,153.4173634336678
Withered_06.jpg,Withered,2,70,2,False,False,True,False,False,Withered (signals:4),4866.0,0.858158355480556,0.9869181624581685,1.2328767123287672,0.7406392694063927,0,154.80465769925718
Withered_07.jpg,Withered,2,70,2,False,False,True,False,False,Withered (signals:4),4774.0,0.8609896052069381,0.9867713931376602,1.1066666666666667,0.7669076305220883,0,155.58548057259713
Withered_08.jpg,Withered,2,70,2,False,False,True,False,False,Withered (signals:4),5225.0,0.8664615684453576,0.9864074004153295,1.2432432432432432,0.7674794359576969,0,142.86398503274089
Withered_09.jpg,Withered,2,70,2,False,False,True,False,False,Withered (signals:5),5494.0,0.7992446483741005,0.966913058782119,0.8617021276595744,0.721565537168374,0,162.62153024911032
Withered_10.jpg,Withered,2,0,5,False,False,True,False,True,"Withered (signals:4), Insect Damage (1 holes)",4967.5,0.8571455982039696,0.9845406798136954,1.2328767123287672,0.7560882800608828,1,134.6094395280236
Withered_11.jpg,Withered,2,70,2,False,False,True,False,False,Withered (signals:5),5293.5,0.8484271760633041,0.9829170921919971,1.28,0.7352083333333334,0,154.43590690801625
Withered_12.jpg,Withered,2,70,2,False,False,True,False,False,Withered (signals:4),4661.0,0.8722276221346089,0.9848917062863181,1.1527777777777777,0.7799531459170014,0,134.98157068062827
Withered_13.jpg,Withered,2,70,2,False,False,True,False,False,Withered (signals:5),5767.0,0.8238312067689136,0.9799490229396771,1.4189189189189189,0.7422136422136422,0,143.43097014925374
Withered_14.jpg,Withered,2,0,5,False,False,True,False,True,"Withered (signals:5), Insect Damage (1 holes)",4839.5,0.847575509204058,0.9789622736927278,0.9634146341463414,0.7470669959864156,1,140.53248587570621
Withered_15.jpg,Withered,2,70,2,False,False,True,False,False,Withered (signals:5),5416.0,0.8314374702949759,0.9820489573889393,1.3888888888888888,0.7522222222222222,0,142.49990976358058
Withered_16.jpg,Withered,2,15,5,False,False,False,False,True,Insect Damage (1 holes),6263.0,0.829379541084988,0.9823543251509685,1.0543478260869565,0.7018153294486777,1,103.51829840475446
Withered_17.jpg,Withered,2,100,1,False,False,False,False,False,,4926.5,0.8749067343776793,0.9862862862862863,0.9523809523809523,0.733110119047619,0,128.53710317460317
Withered_18.jpg,Withered,2,10,5,False,False,False,False,True,Insect Damage (2 holes),5022.5,0.8334895125333127,0.9695945945945946,1.24,0.7200716845878136,2,128.74635284964015
Withered_19.jpg,Withered,2,15,5,False,False,False,False,True,Insect Damage (1 holes),4629.5,0.8829059456966738,0.9862590541116318,0.9382716049382716,0.7520305393112411,1,128.0902953586498
Withered_20.jpg,Withered,2,100,1,False,False,False,False,False,,4865.5,0.822219905369676,0.9793679549114331,1.1866666666666668,0.7289138576779026,0,124.86215890850723
Withered_21.jpg,Withered,2,100,1,False,False,False,False,False,,5887.5,0.8656328677461199,0.9872558061541041,1.2564102564102564,0.7702119309262166,0,147.0043225270158
Withered_22.jpg,Withered,2,70,2,False,False,True,False,False,Withered (signals:5),5664.0,0.8644956420696026,0.9830773236136423,0.9010989010989011,0.759045832216564,0,141.2088443599931
Withered_23.jpg,Withered,2,70,2,False,False,True,False,False,Withered (signals:4),5486.0,0.8734753497380816,0.985007630846575,1.0987654320987654,0.7609932029407684,0,146.37589158345222
Withered_24.jpg,Withered,2,0,5,False,False,True,False,True,"Withered (signals:5), Insect Damage (1 holes)",7757.0,0.8169684665460205,0.9832055263324672,1.3068181818181819,0.7665019762845849,1,140.82945638432363
Withered_25.jpg,Withered,2,70,2,False,False,True,False,False,Withered (signals:5),6295.5,0.8395110770067487,0.9849800516310725,1.1363636363636365,0.7153977272727273,0,140.25392873813598
Withered_26.jpg,Withered,2,100,1,False,False,False,False,False,,7462.5,0.8610880024008083,0.9874950377133783,0.7981651376146789,0.786934514394179,0,110.46201366982125
Withered_27.jpg,Withered,2,70,2,False,False,True,False,False,Withered (signals:3),5827.0,0.780010189537849,0.9820510659812927,1.0813953488372092,0.7285571392848212,0,125.21987244041625
Withered_28.jpg,Withered,2,0,5,False,False,True,False,True,"Withered (signals:4), Insect Damage (1 holes)",5761.5,0.785161202801761,0.9528652939717192,0.8469387755102041,0.7083230882714532,1,132.5940946886136
Withered_29.jpg,Withered,2,15,5,False,False,False,False,True,Insect Damage (1 holes),5104.5,0.876703762628028,0.9875217643644806,1.0740740740740742,0.7243507875691784,1,122.34278597432458
Withered_30.jpg,Withered,2,70,2,False,False,True,False,False,Withered (signals:3),5888.5,0.7591473323974121,0.9708985985160759,0.9662921348314607,0.7693362947478443,0,131.34256801592568
Withered_31.jpg,Withered,2,15,5,False,False,False,False,True,Insect Damage (1 holes),5485.0,0.82956137916666,0.9821828274688871,0.8924731182795699,0.7105842725741677,1,117.99286860402924
Withered_32.jpg,Withered,2,0,5,False,False,True,False,True,"Withered (signals:5), Insect Damage (2 holes)",6975.0,0.8113674753911061,0.9847522236340533,1.2065217391304348,0.6830199764982373,2,147.2981864192324
Withered_33.jpg,Withered,2,100,1,False,False,False,False,False,,3869.0,0.8585795881921205,0.9859836901121305,1.3770491803278688,0.7550741608118657,0,123.90407854984895
Withered_34.jpg,Withered,2,0,5,False,False,True,False,True,"Withered (signals:3), Insect Damage (2 holes)",4881.0,0.8458882597734951,0.9751273599041055,0.8505747126436781,0.7581547064305685,2,134.62224889955982
Withered_35.jpg,Withered,2,0,5,False,False,True,False,True,"Withered (signals:4), Insect Damage (4 holes)",5293.0,0.8427460907088756,0.9830980683506686,1.2972972972972974,0.7450731981981982,4,139.35863342566944
Withered_36.jpg,Withered,2,0,5,False,False,True,False,True,"Withered (signals:4), Insect Damage (1 holes)",6857.5,0.817685291236704,0.9813953488372092,1.2823529411764707,0.7401511063140853,1,132.9749892811205
Withered_37.jpg,Withered,2,0,5,False,False,True,False,True,"Withered (signals:3), Insect Damage (2 holes)",4691.5,0.8642632177503267,0.985816347972263,1.0909090909090908,0.7253401360544217,2,135.92921090984802
Withered_38.jpg,Withered,2,70,2,False,False,True,False,False,Withered (signals:3),4883.5,0.868197846627222,0.9861672051696284,0.9397590361445783,0.7543249922767995,0,137.8257651530306
Withered_39.jpg,Withered,2,15,5,False,False,False,False,True,Insect Damage (1 holes),4889.5,0.8488904658294402,0.9823204419889503,0.9058823529411765,0.7470588235294118,1,118.9035350509287
Withered_40.jpg,Withered,2,0,5,False,False,True,False,True,"Withered (signals:3), Insect Damage (2 holes)",4327.5,0.606978075950171,0.9595343680709535,1.0128205128205128,0.702288218111003,2,107.74214542190305
Withered_41.jpg,Withered,2,100,1,False,False,False,False,False,,7028.5,0.8438499995817385,0.9872182035255285,1.3875,0.7914977477477477,0,113.21263245956497
Withered_42.jpg,Withered,2,70,2,False,False,True,False,False,Withered (signals:4),8711.5,0.8271090640474494,0.987810409343463,1.4111111111111112,0.7621609798775153,0,148.62022319918836
Withered_43.jpg,Withered,2,15,5,False,False,False,False,True,Insect Damage (1 holes),5131.0,0.8730244940021367,0.987490377213241,0.8863636363636364,0.7475233100233101,1,127.36451981707317
Withered_44.jpg,Withered,2,0,5,False,False,True,False,True,"Withered (signals:4), Insect Damage (2 holes)",6214.5,0.8648663674077959,0.9799731924623512,0.956989247311828,0.7508155128669808,2,133.79303278688525
Withered_45.jpg,Withered,2,70,2,False,False,True,False,False,Withered (signals:3),8990.0,0.8453643438033378,0.9880749574105622,1.3736263736263736,0.7903296703296703,0,138.27975084690198
Withered_46.jpg,Withered,2,50,3,False,True,False,False,False,Partial Sour (R/G:1.38),5163.5,0.8333583111772889,0.9798842394914129,0.8444444444444444,0.7548976608187135,0,147.09931895573212
Withered_47.jpg,Withered,2,0,5,False,False,True,False,True,"Withered (signals:3), Insect Damage (1 holes)",5989.0,0.8790964586351184,0.986493164223357,1.1585365853658536,0.7688061617458279,1,134.2217135382603
Withered_48.jpg,Withered,2,15,5,False,False,False,False,True,Insect Damage (1 holes),5853.5,0.8473408041106342,0.9762341561040694,1.1529411764705881,0.7027010804321728,1,130.53596520575442
Withered_49.jpg,Withered,2,100,1,False,False,False,False,False,,6474.5,0.8622513129618596,0.9879453727016099,1.216867469879518,0.772336872241441,0,125.7212891511575
Withered_50.jpg,Withered,2,15,5,False,False,False,False,True,Insect Damage (1 holes),6190.5,0.8634973235869369,0.986376673040153,1.1529411764705881,0.743157262905162,1,120.40955847444216
Withered_51.jpg,Withered,2,70,2,False,False,True,False,False,Withered (signals:3),6113.5,0.858298591965397,0.9824039852161337,0.8080808080808081,0.7719065656565657,0,138.8042921204356
Withered_52.jpg,Withered,2,70,2,False,False,True,False,False,Withered (signals:4),6574.0,0.8499360388439471,0.984795146430979,0.7547169811320755,0.7752358490566038,0,152.17136045298764
Withered_53.jpg,Withered,2,10,5,False,False,False,False,True,Insect Damage (4 holes),5567.5,0.807497461003263,0.9714709474786251,0.9325842696629213,0.7536889129551916,4,129.87482443820224
Withered_54.jpg,Withered,2,70,2,False,False,True,False,False,Withered (signals:4),5198.5,0.838153015519794,0.9854976303317535,1.2666666666666666,0.7296140350877193,0,150.13085166384658
Partial Sour_01.jpg,Partial Sour,3,50,3,False,True,False,False,False,Partial Sour (R/G:1.32),7454.5,0.8466300013403106,0.9887916169253217,1.2444444444444445,0.7395337301587301,0,128.8714135298763
Partial Sour_02.jpg,Partial Sour,3,50,3,False,True,False,False,False,Partial Sour (R/G:1.34),6019.5,0.8689975567645537,0.9876127973748975,1.2435897435897436,0.7955987311657414,0,123.38552845528456
Partial Sour_03.jpg,Partial Sour,3,0,5,True,True,False,False,False,"Broken (AR:1.05, Ext:0.60), Partial Sour (R/G:1.30)",5444.0,0.7567107683552255,0.9781690773515408,1.053763440860215,0.597322800087777,0,123.734375
Partial Sour_04.jpg,Partial Sour,3,0,5,True,True,False,False,False,"Broken (AR:1.02, Ext:0.65), Partial Sour (R/G:1.50)",10883.0,0.5591434784688206,0.9338023939250933,1.015625,0.6540264423076924,0,107.36983955291149
Partial Sour_05.jpg,Partial Sour,3,0,5,False,True,False,True,True,"Partial Sour (R/G:1.61), Dry Cherry (Intensity:94), Insect Damage (1 holes)",10769.0,0.686058344207692,0.9663929645084578,0.75177304964539,0.7205272313662519,1,94.3992336465651
Partial Sour_06.jpg,Partial Sour,3,70,2,False,False,True,False,False,Withered (signals:5),4814.5,0.8046376249908432,0.9722334410339257,1.2222222222222223,0.7598642676767676,0,145.32299898682876
Partial Sour_07.jpg,Partial Sour,3,100,1,False,False,False,False,False,,5811.5,0.8753802874679038,0.9862537123462028,0.8723404255319149,0.753956927867151,0,139.42705525606468
Partial Sour_08.jpg,Partial Sour,3,70,2,False,False,True,False,False,Withered (signals:4),6171.0,0.8844355029293242,0.9868862945786022,0.9032258064516129,0.7899385560675883,0,169.28059038247898
Partial Sour_09.jpg,Partial Sour,3,50,3,False,True,False,False,False,Partial Sour (R/G:1.31),4881.5,0.7499104491338499,0.9595085995085995,1.0875,0.7013649425287356,0,121.78241758241758
Partial Sour_10.jpg,Partial Sour,3,50,3,False,True,False,False,False,Partial Sour (R/G:1.32),5481.0,0.6660950457469158,0.9577144854097501,0.8556701030927835,0.680784995652714,0,123.29430604982207
Partial Sour_11.jpg,Partial Sour,3,15,5,False,False,False,False,True,Insect Damage (1 holes),4557.5,0.8480880524611459,0.985725100032443,0.7954545454545454,0.7398538961038961,1,128.31970021413275
Partial Sour_12.jpg,Partial Sour,3,0,5,False,True,False,False,True,"Partial Sour (R/G:1.33), Insect Damage (2 holes)",7190.5,0.7734090709696272,0.9769701086956522,1.2,0.7397633744855967,2,125.18149611663715
Partial Sour_13.jpg,Partial Sour,3,0,5,False,True,False,False,True,"Partial Sour (R/G:1.31), Insect Damage (1 holes)",3977.5,0.8357571724761795,0.9841642954348633,1.1940298507462686,0.742070895522388,1,146.59818805093047
Partial Sour_14.jpg,Partial Sour,3,0,5,False,True,False,False,True,"Partial Sour (R/G:1.33), Insect Damage (2 holes)",4738.0,0.7419514561778925,0.9617375418654217,0.7634408602150538,0.7175526275935181,2,144.03969559851913
Partial Sour_15.jpg,Partial Sour,3,0,5,False,False,True,False,True,"Withered (signals:5), Insect Damage (1 holes)",3434.0,0.8666957254990297,0.9824059505077958,1.0147058823529411,0.7318840579710145,1,170.59915014164307
Partial Sour_16.jpg,Partial Sour,3,0,5,False,True,False,False,True,"Partial Sour (R/G:1.34), Insect Damage (1 holes)",5114.0,0.8553193328573389,0.9848820414058739,1.273972602739726,0.7532773604359995,1,147.26676858398625
Partial Sour_17.jpg,Partial Sour,3,100,1,False,False,False,False,False,,5912.5,0.8725537643565209,0.9883818121029756,1.0804597701149425,0.7229762778185376,0,126.72829688535454
Partial Sour_18.jpg,Partial Sour,3,0,5,False,True,False,False,True,"Partial Sour (R/G:1.59), Insect Damage (1 holes)",4865.0,0.8741842303523101,0.9856158833063209,0.9512195121951219,0.7606316447779863,1,117.58835341365462
Partial Sour_19.jpg,Partial Sour,3,50,3,False,True,False,False,False,Partial Sour (R/G:1.37),6284.5,0.8460499835062968,0.9831821026282853,1.3333333333333333,0.7747164694280079,0,170.76444929116684
Partial Sour_20.jpg,Partial Sour,3,0,5,False,True,False,False,True,"Partial Sour (R/G:1.32), Insect Damage (1 holes)",5434.0,0.8439470623176655,0.988988988988989,1.3611111111111112,0.770124716553288,1,119.71199856089224
Partial Sour_21.jpg,Partial Sour,3,0,5,False,True,False,False,True,"Partial Sour (R/G:1.29), Insect Damage (1 holes)",4379.0,0.8748845409121367,0.9888224003612962,1.1111111111111112,0.7602430555555556,1,124.71323529411765
Partial Sour_22.jpg,Partial Sour,3,70,2,False,False,True,False,False,Withered (signals:5),3733.0,0.8615818955098145,0.9799186244914031,0.8904109589041096,0.7867228661749209,0,177.20380505603336
Partial Sour_23.jpg,Partial Sour,3,50,3,False,True,False,False,False,Partial Sour (R/G:1.35),4878.5,0.8673089364129516,0.9883508914100486,1.3,0.7658555729984301,0,150.01682018422107
Partial Sour_24.jpg,Partial Sour,3,70,2,False,False,True,False,False,Withered (signals:3),5745.5,0.8576196335386943,0.9892389807162535,0.826530612244898,0.7237969261778786,0,167.63196455955017
Partial Sour_25.jpg,Partial Sour,3,0,5,False,True,False,False,True,"Partial Sour (R/G:1.32), Insect Damage (3 holes)",6911.0,0.8585454990556692,0.989476698403608,1.1910112359550562,0.732563069747721,3,125.45693202781325
Partial Sour_26.jpg,Partial Sour,3,50,3,False,True,False,False,False,Partial Sour (R/G:1.37),5635.5,0.7662575186742738,0.9717217001465643,0.7676767676767676,0.7490031897926634,0,153.0898058252427
Partial Sour_27.jpg,Partial Sour,3,50,3,False,True,False,False,False,Partial Sour (R/G:1.34),7405.5,0.8407672715359975,0.9840542156667331,1.244186046511628,0.8047707020212997,0,170.89065395816786
Partial Sour_28.jpg,Partial Sour,3,0,5,True,True,False,False,False,"Broken (AR:1.27, Ext:0.65), Partial Sour (R/G:1.34)",4606.5,0.47029862626279506,0.8861209964412812,1.2666666666666666,0.6465263157894737,0,143.95569088618228
Partial Sour_29.jpg,Partial Sour,3,70,2,False,False,True,False,False,Withered (signals:5),4109.0,0.8544755742921658,0.9740429062462961,1.0,0.7710639894914618,0,172.45234708392604
Partial Sour_30.jpg,Partial Sour,3,70,2,False,False,True,False,False,Withered (signals:4),4617.5,0.8887111894776049,0.9896056579511359,1.0933333333333333,0.7508130081300813,0,175.35667442352442
Partial Sour_31.jpg,Partial Sour,3,70,2,False,False,True,False,False,Withered (signals:4),4420.5,0.8586512305816035,0.9852892009361418,0.9625,0.7176136363636364,0,169.84610289247075
Partial Sour_32.jpg,Partial Sour,3,70,2,False,False,True,False,False,Withered (signals:4),7327.0,0.8752934308784333,0.989132635842052,1.0606060606060606,0.7048581048581049,0,180.87697668185473
Partial Sour_33.jpg,Partial Sour,3,70,2,False,False,True,False,False,Withered (signals:4),5820.5,0.8676121820293389,0.9857735625370481,0.8817204301075269,0.7632441646997115,0,172.19926013115858
Partial Sour_34.jpg,Partial Sour,3,0,5,False,True,False,False,True,"Partial Sour (R/G:1.39), Insect Damage (1 holes)",4158.5,0.8337779124354892,0.9750293083235639,1.0133333333333334,0.729561403508772,1,142.28112543962484
Partial Sour_35.jpg,Partial Sour,3,0,5,False,True,False,False,True,"Partial Sour (R/G:1.39), Insect Damage (1 holes)",4704.5,0.8544586402062923,0.9855451974442233,0.8068181818181818,0.752960947503201,1,144.82672753683337
Partial Sour_36.jpg,Partial Sour,3,0,5,False,True,False,False,True,"Partial Sour (R/G:1.41), Insect Damage (1 holes)",4268.5,0.7943091275061102,0.9753227464869187,1.3484848484848484,0.7266768811712632,1,144.83953435288745
Partial Sour_37.jpg,Partial Sour,3,50,3,False,True,False,False,False,Partial Sour (R/G:1.33),4990.5,0.858928533913448,0.9869474933254228,1.3142857142857143,0.7749223602484472,0,174.4717165785868
Partial Sour_38.jpg,Partial Sour,3,100,1,False,False,False,False,False,,5394.5,0.8586523106634583,0.9905435181784796,0.9886363636363636,0.704610762800418,0,146.29131144567387
Partial Sour_40.jpg,Partial Sour,3,0,5,True,True,False,False,False,"Broken (AR:0.85, Ext:0.63), Partial Sour (R/G:1.29)",6407.5,0.6819919174912935,0.9585608497269803,0.8532110091743119,0.6320903620400513,0,146.81995727799816
Partial Sour_41.jpg,Partial Sour,3,0,5,True,False,False,False,True,"Broken (AR:0.96, Ext:0.64), Insect Damage (1 holes)",7519.5,0.7974344502990977,0.9834554015171332,0.9636363636363636,0.6448970840480275,1,173.10387576667102
Partial Sour_42.jpg,Partial Sour,3,70,2,False,False,True,False,False,Withered (signals:4),3819.5,0.8567299827527259,0.9870784339061894,0.96,0.7073148148148148,0,157.71785714285716
Partial Sour_43.jpg,Partial Sour,3,0,5,False,True,False,False,True,"Partial Sour (R/G:1.30), Insect Damage (2 holes)",5519.0,0.6417682145789341,0.9313981942452114,0.826530612244898,0.6952632905013857,2,147.71441186859767
Partial Sour_44.jpg,Partial Sour,3,0,5,False,True,False,False,True,"Partial Sour (R/G:1.41), Insect Damage (1 holes)",5706.5,0.5090662518155544,0.9142834254586237,0.8163265306122449,0.7278698979591837,1,119.24672228843862
Partial Sour_45.jpg,Partial Sour,3,50,3,False,True,False,False,False,Partial Sour (R/G:1.49),5610.5,0.8099527946483962,0.9714310449311748,1.2894736842105263,0.7532894736842105,0,111.48493293851246
Partial Sour_46.jpg,Partial Sour,3,50,3,False,True,False,False,False,Partial Sour (R/G:1.45),3965.0,0.6638367217891409,0.9326120192873104,1.4516129032258065,0.7105734767025089,0,148.05531081742535
Partial Sour_47.jpg,Partial Sour,3,0,5,False,False,True,False,True,"Withered (signals:6), Insect Damage (1 holes)",4645.0,0.5592168541593621,0.9460285132382892,1.2162162162162162,0.6974474474474475,1,157.07187630589218
Partial Sour_48.jpg,Partial Sour,3,50,3,False,True,False,False,False,Partial Sour (R/G:1.36),7910.5,0.8416775254157153,0.9854864831194717,1.3218390804597702,0.7906546726636682,0,122.89047382783428
Partial Sour_49.jpg,Partial Sour,3,0,5,False,True,False,False,True,"Partial Sour (R/G:1.51), Insect Damage (1 holes)",6283.0,0.8701784585488217,0.9863422291993721,1.0898876404494382,0.7277887177111085,1,102.4514116362502
Partial Sour_50.jpg,Partial Sour,3,0,5,False,False,True,False,True,"Withered (signals:5), Insect Damage (1 holes)",7317.5,0.6897659220258042,0.9661979269822407,0.8773584905660378,0.742290525461554,1,147.3607544141252
Partial sour_39.jpg,Partial Sour,3,50,3,False,True,False,False,False,Partial Sour (R/G:1.33),4495.5,0.8652303556486641,0.98791341610812,1.0128205128205128,0.7295520934761441,0,148.96460369163952
Broken_01.jpg,Broken,4,0,5,False,True,False,False,True,"Partial Sour (R/G:1.30), Insect Damage (4 holes)",9001.0,0.41326547575887107,0.9444910807974817,1.4301075268817205,0.7277063626808958,4,137.70882512181916
Broken_02.jpg,Broken,4,25,4,True,False,False,False,False,"Broken (AR:0.54, Ext:0.64)",7539.5,0.6339913721637996,0.9693365903831319,0.54421768707483,0.6411139455782313,0,159.05061648280338
Broken_03.jpg,Broken,4,0,5,True,True,False,False,False,"Broken (AR:1.30, Ext:0.66), Partial Sour (R/G:1.29)",6377.5,0.7620604751975928,0.9839543315590527,1.302325581395349,0.6621158637873754,0,130.8219766728054
Broken_04.jpg,Broken,4,25,4,True,False,False,False,False,"Broken (AR:1.09, Ext:0.64)",6488.0,0.787081529140945,0.9871434005325219,1.09375,0.6436507936507937,0,174.06915295183452
Broken_05.jpg,Broken,4,70,2,False,False,True,False,False,Withered (signals:3),7600.0,0.8756657833978992,0.989454498112225,0.8584905660377359,0.7878913539290898,0,153.79612653324725
Broken_06.jpg,Broken,4,25,4,True,False,False,False,False,"Broken (AR:0.93, Ext:0.56)",6722.0,0.6844522565612571,0.9667769308212283,0.9298245614035088,0.5562727573651108,0,160.08270238788586
Broken_07.jpg,Broken,4,70,2,False,False,True,False,False,Withered (signals:6),7076.0,0.732590950751636,0.9656772432616855,1.3448275862068966,0.6951566951566952,0,170.04786939679025
Broken_08.jpg,Broken,4,70,2,False,False,True,False,False,Withered (signals:6),5453.0,0.7643280928795588,0.9821685878962536,1.4794520547945205,0.6916539827498731,0,163.579795808705
Broken_09.jpg,Broken,4,25,4,True,False,False,False,False,"Broken (AR:0.69, Ext:0.63)",6227.5,0.6871812717776867,0.963487274696372,0.6916666666666667,0.6252510040160643,0,165.33814530048642
Broken_10.jpg,Broken,4,70,2,False,False,True,False,False,Withered (signals:4),8948.5,0.8702654775193391,0.9888391623846622,1.25,0.7767795138888889,0,157.14047226798462
Broken_11.jpg,Broken,4,0,5,True,False,False,False,True,"Broken (AR:1.93, Ext:0.60), Insect Damage (1 holes)",9206.5,0.5973386713144374,0.9765579421904004,1.9325842696629214,0.6014175594460412,1,145.31393617021277
Broken_12.jpg,Broken,4,25,4,True,False,False,False,False,"Broken (AR:1.83, Ext:0.78)",11005.5,0.7270249757190638,0.9793112653497064,1.8295454545454546,0.7767857142857143,0,128.3065524013569
Broken_13.jpg,Broken,4,25,4,True,False,False,False,False,"Broken (AR:1.42, Ext:0.65)",6028.5,0.4934880881653057,0.9102370526951532,1.4197530864197532,0.6471819645732689,0,149.26636568848758
Broken_14.jpg,Broken,4,70,2,False,False,True,False,False,Withered (signals:4),11226.0,0.7860083239025766,0.9847800342120269,0.7414965986394558,0.7006178618236285,0,133.2502410377772
Broken_15.jpg,Broken,4,10,5,False,False,False,False,True,Insect Damage (2 holes),7715.5,0.8406698621720867,0.9833046581278277,1.1458333333333333,0.7306344696969697,2,128.95139949109415
Broken_16.jpg,Broken,4,70,2,False,False,True,False,False,Withered (signals:6),9141.0,0.7693917248350122,0.9798477864722908,1.4456521739130435,0.7470578620464204,0,146.92568728522338
Broken_17.jpg,Broken,4,70,2,False,False,True,False,False,Withered (signals:6),7963.0,0.735965923722278,0.9746037574199865,1.6666666666666667,0.7282121627800641,0,142.58146689638198
Broken_18.jpg,Broken,4,25,4,True,False,False,False,False,"Broken (AR:0.72, Ext:0.68)",9569.0,0.7547084229678316,0.9764783917546813,0.7214285714285714,0.6767326732673268,0,153.0132429935325
Broken_19.jpg,Broken,4,0,5,True,False,False,False,True,"Broken (AR:1.00, Ext:0.62), Insect Damage (5 holes)",11690.0,0.781606326355686,0.9788980070339977,1.0,0.6228355266663115,5,118.90166835187058
Broken_20.jpg,Broken,4,0,5,False,False,True,False,True,"Withered (signals:5), Insect Damage (1 holes)",17757.0,0.8035694262954963,0.9843399207295103,1.2781954887218046,0.785360459973463,1,143.55163979988882
Broken_21.jpg,Broken,4,25,4,True,False,False,False,False,"Broken (AR:0.84, Ext:0.55)",10969.5,0.6572303505887535,0.9752400426742532,0.8441558441558441,0.5479270729270729,0,154.19288657946603
Broken_22.jpg,Broken,4,0,5,True,False,False,False,True,"Broken (AR:1.01, Ext:0.61), Insect Damage (1 holes)",11091.0,0.7357216363297162,0.9675055611288002,1.007462686567164,0.6131011608623549,1,134.3876175270534
Broken_23.jpg,Broken,4,25,4,True,False,False,False,False,"Broken (AR:1.07, Ext:0.55)",8610.5,0.6536546403426771,0.9570944256099594,1.0743801652892562,0.5473935155753338,0,147.32441357321795
Broken_24.jpg,Broken,4,70,2,False,False,True,False,False,Withered (signals:6),9180.5,0.6311171874826461,0.9484477504003306,1.375,0.7244712752525253,0,165.32891926527125
Broken_25.jpg,Broken,4,100,1,False,False,False,False,False,,6975.5,0.8116312333375865,0.9799114982088923,1.2790697674418605,0.7373678646934461,0,127.65322467331741
Broken_26.jpg,Broken,4,70,2,False,False,True,False,False,Withered (signals:6),8416.0,0.7531247693194536,0.9798579578530678,1.4021739130434783,0.709133805190428,0,154.18433931484503
Broken_27.jpg,Broken,4,25,4,True,False,False,False,False,"Broken (AR:1.89, Ext:0.73)",7383.5,0.6545753792013624,0.9089062596171601,1.8904109589041096,0.7329263450466548,0,149.15547609588134
Broken_28.jpg,Broken,4,25,4,True,False,False,False,False,"Broken (AR:0.94, Ext:0.64)",9667.0,0.7632061763158614,0.9709722780233025,0.937007874015748,0.6396479851783233,0,152.94794631964214
Broken_29.jpg,Broken,4,25,4,True,False,False,False,False,"Broken (AR:1.24, Ext:0.58)",10389.0,0.645883854060781,0.8657860744197675,1.2416666666666667,0.5810402684563758,0,117.23090737240075
Broken_30.jpg,Broken,4,70,2,False,False,True,False,False,Withered (signals:6),6310.0,0.7969976533719693,0.9740660697746218,1.1477272727272727,0.70994599459946,0,155.60452853598014
Broken_31.jpg,Broken,4,70,2,False,False,True,False,False,Withered (signals:6),9098.5,0.7767434088872368,0.9748218781807467,1.4943820224719102,0.7686491509673059,0,140.76990291262135
Broken_32.jpg,Broken,4,25,4,True,False,False,False,False,"Broken (AR:1.31, Ext:0.61)",8343.5,0.7233554055306705,0.9647337688616523,1.3137254901960784,0.6104404448346503,0,162.1441674506115
Broken_33.jpg,Broken,4,25,4,True,False,False,False,False,"Broken (AR:1.87, Ext:0.77)",6675.0,0.7461873182806336,0.9802481826859535,1.8676470588235294,0.7729272811486799,0,161.44688644688645
Broken_34.jpg,Broken,4,0,5,True,True,False,False,True,"Broken (AR:1.88, Ext:0.74), Partial Sour (R/G:1.40), Insect Damage (1 holes)",8480.5,0.6983771184437934,0.9767348114022459,1.8846153846153846,0.7396214896214897,1,124.38033052120652
Broken_35.jpg,Broken,4,0,5,True,False,False,False,True,"Broken (AR:1.14, Ext:0.60), Insect Damage (2 holes)",10096.0,0.7275510037933749,0.9778681776357209,1.140495867768595,0.6046233081806205,2,146.8672962710544
Broken_36.jpg,Broken,4,70,2,False,False,True,False,False,Withered (signals:5),10468.5,0.8139057249654181,0.9773597236485856,1.1754385964912282,0.6852906520031422,0,152.94059033652943
Broken_37.jpg,Broken,4,0,5,True,False,False,False,True,"Broken (AR:1.76, Ext:0.76), Insect Damage (1 holes)",6922.5,0.7759069852519943,0.9868843110699266,1.7638888888888888,0.7570538057742782,1,140.64200848656293
Broken_38.jpg,Broken,4,0,5,True,False,False,False,True,"Broken (AR:0.64, Ext:0.76), Insect Damage (2 holes)",9385.0,0.812969390904856,0.9865965834428384,0.644927536231884,0.7641263637843999,2,145.00261725293132
Broken_39.jpg,Broken,4,70,2,False,False,True,False,False,Withered (signals:3),6213.0,0.8407490125469681,0.9866603144354454,0.8058252427184466,0.7267516668616213,0,145.47399117276166
Broken_40.jpg,Broken,4,70,2,False,False,True,False,False,Withered (signals:5),6824.0,0.8131871694469466,0.9841361407556966,1.3902439024390243,0.7299957210098417,0,150.19152907394113
Broken_41.jpg,Broken,4,25,4,True,False,False,False,False,"Broken (AR:1.12, Ext:0.64)",9495.5,0.7744817507593333,0.9798266432772675,1.1217391304347826,0.6400741489720256,0,144.0228802153432
Broken_42.jpg,Broken,4,25,4,True,False,False,False,False,"Broken (AR:1.10, Ext:0.57)",8351.0,0.7119376202351959,0.982123956250735,1.1043478260869566,0.5717904827114002,0,154.48108108108107
Broken_43.jpg,Broken,4,25,4,True,False,False,False,False,"Broken (AR:1.47, Ext:0.65)",7078.0,0.7224538884660818,0.9694562388713874,1.4651162790697674,0.6531930601698044,0,157.18824343015214
Broken_44.jpg,Broken,4,25,4,True,False,False,False,False,"Broken (AR:1.79, Ext:0.75)",11181.5,0.7259500098105551,0.9546638207043757,1.7912087912087913,0.7538259286725545,0,152.1515337962556
Broken_45.jpg,Broken,4,70,2,False,False,True,False,False,Withered (signals:5),9405.5,0.6066231876381899,0.9617075664621677,0.859504132231405,0.7474173553719008,0,154.4724942696395
Broken_46.jpg,Broken,4,70,2,False,False,True,False,False,Withered (signals:4),11757.5,0.8472141931215108,0.9870713176342191,1.168141592920354,0.7882475194422097,0,158.93007285821957
Broken_47.jpg,Broken,4,70,2,False,False,True,False,False,Withered (signals:6),7568.5,0.7663295492399291,0.9781583198707593,1.5975609756097562,0.7045708434183579,0,152.21150110089366
Broken_48.jpg,Broken,4,70,2,False,False,True,False,False,Withered (signals:6),9240.5,0.7469141752659902,0.9719169077044438,1.5977011494252873,0.7641197386918052,0,149.25525812619503
Broken_49.jpg,Broken,4,70,2,False,False,True,False,False,Withered (signals:6),6047.0,0.7852549023825498,0.9724210018493206,1.0217391304347827,0.6992368177613321,0,147.25978647686833
Broken_50.jpg,Broken,4,0,5,True,True,False,False,True,"Broken (AR:2.20, Ext:0.64), Partial Sour (R/G:1.38), Insect Damage (2 holes)",4114.5,0.4476246921208283,0.82711830334707,2.2037037037037037,0.6402894491129785,2,122.31239746894774
Broken_51.jpg,Broken,4,25,4,True,False,False,False,False,"Broken (AR:0.94, Ext:0.65)",8751.5,0.7130683367122853,0.9574421530550845,0.9416666666666667,0.6453908554572272,0,140.76990356582192
Broken_52.jpg,Broken,4,25,4,True,False,False,False,False,"Broken (AR:0.76, Ext:0.65)",10203.5,0.6317380546931163,0.9476641590043652,0.7569444444444444,0.6500700815494393,0,157.86081185071183
Broken_53.jpg,Broken,4,50,3,False,True,False,False,False,Partial Sour (R/G:1.40),8995.0,0.7691159554270014,0.9861316669407444,1.5444444444444445,0.7190247801758594,0,170.92698100851342
Broken_54.jpg,Broken,4,70,2,False,False,True,False,False,Withered (signals:4),5013.5,0.8340748273452578,0.9821725928102655,0.8064516129032258,0.7187813620071685,0,152.48996297018124
Broken_55.jpg,Broken,4,70,2,False,False,True,False,False,Withered (signals:5),4190.0,0.8302938217032259,0.9812646370023419,1.2575757575757576,0.764877692588536,0,140.70060437006043
Broken_56.jpg,Broken,4,25,4,True,False,False,False,False,"Broken (AR:1.37, Ext:0.66)",3257.5,0.7646165469203919,0.9620496160661548,1.3666666666666667,0.6620934959349594,0,137.72743521000893
Broken_57.jpg,Broken,4,25,4,True,False,False,False,False,"Broken (AR:1.24, Ext:0.57)",3536.5,0.678077556657983,0.9552944354403026,1.2394366197183098,0.5660211267605634,0,145.90013717421124
Broken_58.jpg,Broken,4,70,2,False,False,True,False,False,Withered (signals:4),3720.0,0.8395677504645382,0.985039057328214,0.9726027397260274,0.7177310437970288,0,147.205389848247
Broken_59.jpg,Broken,4,25,4,True,False,False,False,False,"Broken (AR:1.85, Ext:0.78)",5390.0,0.7228534787108769,0.9653443180800573,1.8524590163934427,0.7819527056434064,0,163.4758371040724
Broken_60.jpg,Broken,4,70,2,False,False,True,False,False,Withered (signals:3),4043.5,0.7661946524576837,0.9776353965183753,1.5901639344262295,0.6833699509886767,0,124.33870967741936
Broken_61.jpg,Broken,4,70,2,False,False,True,False,False,Withered (signals:5),5006.5,0.8140145800612971,0.9764969767895455,1.3013698630136987,0.7219178082191781,0,158.6744049941475
Broken_62.jpg,Broken,4,0,5,False,True,False,False,True,"Partial Sour (R/G:1.29), Insect Damage (1 holes)",4998.0,0.7566526369221589,0.9807692307692307,1.6615384615384616,0.711965811965812,1,119.7447306791569
Dry Cherry_01.jpg,Dry Cherry,4,0,5,False,True,False,False,True,"Partial Sour (R/G:1.53), Insect Damage (1 holes)",5710.5,0.8659767950323877,0.9893451143451143,0.72,0.793125,1,98.60904574267603
Dry Cherry_02.jpg,Dry Cherry,4,0,5,True,True,False,True,False,"Broken (AR:1.10, Ext:0.68), Partial Sour (R/G:1.55), Dry Cherry (Intensity:78)",6050.5,0.8086469194844152,0.9853432130933963,1.1,0.6790684624017957,0,77.5270991748908
Dry Cherry_03.jpg,Dry Cherry,4,0,5,False,True,False,True,False,"Partial Sour (R/G:1.36), Dry Cherry (Intensity:56)",9198.5,0.8766513776188903,0.9816969050160086,0.9375,0.7821853741496598,0,55.812312954253954
Dry Cherry_04.jpg,Dry Cherry,4,25,4,False,False,False,True,False,Dry Cherry (Intensity:50),11007.5,0.8570234871937112,0.9868656984041599,0.8549618320610687,0.7502385496183206,0,50.292370986494944
Dry Cherry_05.jpg,Dry Cherry,4,0,5,False,True,False,True,False,"Partial Sour (R/G:1.33), Dry Cherry (Intensity:53)",8428.0,0.7891911584193326,0.9653513544470534,1.0,0.7500889996440014,0,53.212488350419385
Dry Cherry_06.jpg,Dry Cherry,4,0,5,False,True,False,True,False,"Partial Sour (R/G:1.42), Dry Cherry (Intensity:53)",9116.5,0.8768197848140786,0.9893109061313077,1.1818181818181819,0.7870586203919537,0,53.04776795341816
Dry Cherry_07.jpg,Dry Cherry,4,0,5,False,True,False,True,False,"Partial Sour (R/G:1.34), Dry Cherry (Intensity:59)",8771.0,0.8109027962996055,0.975259909934953,0.8211382113821138,0.7060291394993158,0,58.7219173479673
Dry Cherry_08.jpg,Dry Cherry,4,0,5,True,True,False,True,False,"Broken (AR:1.33, Ext:0.56), Partial Sour (R/G:1.29), Dry Cherry (Intensity:56)",20917.0,0.3106048806460846,0.7842747605031777,1.3333333333333333,0.5558301445578231,0,55.66704198920948
Dry Cherry_09.jpg,Dry Cherry,4,0,5,False,True,False,True,False,"Partial Sour (R/G:1.62), Dry Cherry (Intensity:71)",4451.5,0.8544653638721007,0.9836482156667772,1.2941176470588236,0.7439004010695187,0,71.15081104778606
Dry Cherry_10.jpg,Dry Cherry,4,0,5,True,True,False,True,True,"Broken (AR:1.60, Ext:0.63), Partial Sour (R/G:1.38), Dry Cherry (Intensity:56), Insect Damage (2 holes)",8781.0,0.5235212928882554,0.8343785632839225,1.6021505376344085,0.6336869452262395,2,55.80396524838494
Dry Cherry_11.jpg,Dry Cherry,4,0,5,True,False,False,True,False,"Broken (AR:0.72, Ext:0.58), Dry Cherry (Intensity:62)",8760.5,0.5694410644882352,0.8667326242888944,0.7222222222222222,0.5849692841880342,0,62.49005364327224
Dry Cherry_12.jpg,Dry Cherry,4,25,4,False,False,False,True,False,Dry Cherry (Intensity:57),8781.0,0.8253352783995016,0.9769149468765645,1.0654205607476634,0.719872110181997,0,56.6617795187465
Dry Cherry_13.jpg,Dry Cherry,4,0,5,False,True,False,True,False,"Partial Sour (R/G:1.53), Dry Cherry (Intensity:71)",5053.5,0.8613755482509333,0.9850877192982456,0.975609756097561,0.7703506097560976,0,70.5702958808741
Dry Cherry_14.jpg,Dry Cherry,4,0,5,True,False,False,True,False,"Broken (AR:1.20, Ext:0.60), Dry Cherry (Intensity:61)",7661.5,0.7036876364270318,0.9504403920109168,1.203883495145631,0.5998668963357344,0,61.43955481642574
Dry Cherry_15.jpg,Dry Cherry,4,0,5,False,False,False,True,True,"Dry Cherry (Intensity:53), Insect Damage (1 holes)",11699.0,0.8282629939671162,0.979979896130005,0.7414965986394558,0.7301379267303252,1,53.495117845117846
Dry Cherry_16.jpg,Dry Cherry,4,25,4,False,False,False,True,False,Dry Cherry (Intensity:57),8583.5,0.8569670341522664,0.9895094818145138,1.0970873786407767,0.7374774465160238,0,57.04475732600733
Dry Cherry_17.jpg,Dry Cherry,4,25,4,False,False,False,True,False,Dry Cherry (Intensity:53),6917.0,0.8125019658786042,0.9719665565938312,1.3658536585365855,0.7531576655052264,0,52.63130311614731
Dry Cherry_18.jpg,Dry Cherry,4,25,4,False,False,False,True,False,Dry Cherry (Intensity:59),7822.5,0.8406875713745255,0.9811853245531514,1.0,0.7518742791234141,0,58.72342828460284
Dry Cherry_19.jpg,Dry Cherry,4,0,5,False,True,False,True,False,"Partial Sour (R/G:1.49), Dry Cherry (Intensity:93)",3779.0,0.8825512241220855,0.9877156299006795,0.9452054794520548,0.7502481635894381,0,93.49755091518432
Dry Cherry_20.jpg,Dry Cherry,4,0,5,False,True,False,True,False,"Partial Sour (R/G:1.29), Dry Cherry (Intensity:86)",4524.5,0.8248065893398969,0.981240511819562,1.4153846153846155,0.7566053511705686,0,85.96939655172413
Dry Cherry_21.jpg,Dry Cherry,4,0,5,False,True,False,False,True,"Partial Sour (R/G:1.38), Insect Damage (1 holes)",4596.0,0.8514095596791121,0.9823661429945495,0.8255813953488372,0.7527022600720603,1,124.35506476959014
Dry Cherry_22.jpg,Dry Cherry,4,50,3,False,True,False,False,False,Partial Sour (R/G:1.42),4510.5,0.8406420054663136,0.9861171840839528,0.927710843373494,0.7057580973243623,0,95.49935064935065
Dry Cherry_23.jpg,Dry Cherry,4,100,1,False,False,False,False,False,,3577.0,0.8235689709047582,0.9774559366033612,0.8,0.6986328125,0,96.5635028555888
Dry Cherry_24.jpg,Dry Cherry,4,0,5,False,True,False,True,False,"Partial Sour (R/G:1.62), Dry Cherry (Intensity:84)",5491.0,0.8409327307641359,0.983081192373109,0.7272727272727273,0.7703423120089786,0,84.19102723873954
Dry Cherry_25.jpg,Dry Cherry,4,25,4,False,False,False,True,False,Dry Cherry (Intensity:82),3255.0,0.8555683983098185,0.9793891981344968,1.180327868852459,0.7411202185792349,0,82.36298507462686
Dry Cherry_26.jpg,Dry Cherry,4,0,5,False,True,False,False,True,"Partial Sour (R/G:1.30), Insect Damage (2 holes)",9467.0,0.842167170916259,0.9868139886381404,0.8455284552845529,0.7400719199499687,2,116.88046526119015
Dry Cherry_27.jpg,Dry Cherry,4,25,4,False,False,False,True,False,Dry Cherry (Intensity:56),9735.0,0.8487630208524185,0.983532026672055,0.9830508474576272,0.7112068965517241,0,56.06709781729992
Dry Cherry_28.jpg,Dry Cherry,4,0,5,True,False,False,True,False,"Broken (AR:0.86, Ext:0.47), Dry Cherry (Intensity:61)",7690.5,0.45927544252581415,0.7713254099593801,0.855072463768116,0.47227339719970524,0,61.47617237008872
Dry Cherry_29.jpg,Dry Cherry,4,25,4,False,False,False,True,False,Dry Cherry (Intensity:59),8569.5,0.8734833162818582,0.9888074770668667,1.21875,0.7629540598290598,0,59.37690631808279
Dry Cherry_30.jpg,Dry Cherry,4,25,4,False,False,False,True,False,Dry Cherry (Intensity:59),6198.0,0.8687521576921616,0.9868641031764986,0.925531914893617,0.7578870139398386,0,58.854614412136534
Dry Cherry_31.jpg,Dry Cherry,4,0,5,False,False,False,True,True,"Dry Cherry (Intensity:52), Insect Damage (6 holes)",12660.5,0.8669881345712213,0.9839129590052458,1.0076923076923077,0.7434233705226072,6,52.43880411086889
Dry Cherry_32.jpg,Dry Cherry,4,0,5,False,True,False,True,False,"Partial Sour (R/G:1.54), Dry Cherry (Intensity:70)",5119.5,0.8717124453861241,0.9852771362586605,0.8064516129032258,0.7339784946236559,0,69.66628462273161
Dry Cherry_33.jpg,Dry Cherry,4,0,5,False,True,False,False,True,"Partial Sour (R/G:1.49), Insect Damage (1 holes)",5752.0,0.8367774371721386,0.9833319087101462,1.1428571428571428,0.7132936507936508,1,106.41102415787682
Dry Cherry_34.jpg,Dry Cherry,4,25,4,False,False,False,True,False,Dry Cherry (Intensity:79),13813.5,0.8167851053515109,0.9819441976186245,1.25,0.7187044745057232,0,79.27401855817273
Dry Cherry_35.jpg,Dry Cherry,4,25,4,False,False,False,True,False,Dry Cherry (Intensity:70),13741.5,0.8733532617337176,0.9882771764536661,0.9927536231884058,0.726832751507458,0,69.59020748079546
Dry Cherry_36.jpg,Dry Cherry,4,0,5,False,False,True,True,False,"Withered (signals:3), Dry Cherry (Intensity:67)",12630.5,0.7517669893050413,0.9519879404560015,1.1693548387096775,0.7024749721913237,0,66.62222222222222
Dry Cherry_37.jpg,Dry Cherry,4,25,4,False,False,False,True,False,Dry Cherry (Intensity:69),14222.5,0.8773403173426997,0.9901145184308539,0.8648648648648649,0.7507654138513513,0,68.8367672563302
Dry Cherry_38.jpg,Dry Cherry,4,25,4,False,False,False,True,False,Dry Cherry (Intensity:70),12412.0,0.8801749926898305,0.9899505503270059,0.9037037037037037,0.7536126290224651,0,69.51683608640407
Dry Cherry_39.jpg,Dry Cherry,4,25,4,False,False,False,True,False,Dry Cherry (Intensity:93),6885.0,0.8281641611717213,0.9765264874831572,0.9393939393939394,0.7478005865102639,0,92.79655466970387
Dry Cherry_40.jpg,Dry Cherry,4,25,4,False,False,False,True,False,Dry Cherry (Intensity:83),8087.5,0.8080943159080524,0.9793533543230807,0.6692913385826772,0.7491894395553497,0,82.72021354040281
Dry Cherry_41.jpg,Dry Cherry,4,25,4,True,False,False,False,False,"Broken (AR:0.63, Ext:0.75)",5824.5,0.7673860356576091,0.9621706450813579,0.6306306306306306,0.7496138996138996,0,95.88672596073167
Dry Cherry_42.jpg,Dry Cherry,4,50,3,False,True,False,False,False,Partial Sour (R/G:1.49),4154.5,0.8362146242831752,0.9854127134724858,0.987012987012987,0.7099282296650717,0,105.53214453308306
Dry Cherry_43.jpg,Dry Cherry,4,0,5,False,True,False,True,False,"Partial Sour (R/G:1.30), Dry Cherry (Intensity:55)",9981.5,0.8780938988780103,0.9876317221590066,1.161904761904762,0.7791959406713506,0,54.58387541888429
Dry Cherry_44.jpg,Dry Cherry,4,50,3,False,True,False,False,False,Partial Sour (R/G:1.39),6100.0,0.8254577448111263,0.9877742692899361,0.7547169811320755,0.7193396226415094,0,103.72572620767131
Dry Cherry_45.jpg,Dry Cherry,4,0,5,False,True,False,True,False,"Partial Sour (R/G:1.31), Dry Cherry (Intensity:57)",10429.0,0.8809283547588745,0.990220281048234,1.1495327102803738,0.7924169895904567,0,57.2411775806756
Dry Cherry_46.jpg,Dry Cherry,4,0,5,False,False,False,True,True,"Dry Cherry (Intensity:55), Insect Damage (1 holes)",12252.5,0.8724671016893549,0.9869507430826856,1.0161290322580645,0.784210189452125,1,55.19885815374719
Dry Cherry_47.jpg,Dry Cherry,4,25,4,False,False,False,True,False,Dry Cherry (Intensity:53),11854.0,0.8720399929610393,0.9895650722097004,1.1176470588235294,0.7489732735199343,0,52.59080708170559
Dry Cherry_48.jpg,Dry Cherry,4,25,4,False,False,False,True,False,Dry Cherry (Intensity:55),14299.0,0.8618085250340409,0.9863420017934745,1.140625,0.7651434075342466,0,55.39976545253863
Dry Cherry_49.jpg,Dry Cherry,4,0,5,False,False,False,True,True,"Dry Cherry (Intensity:52), Insect Damage (2 holes)",12636.0,0.8643309463677152,0.9855705483191639,0.9264705882352942,0.7373949579831933,2,52.392464310788675
Dry Cherry_50.jpg,Dry Cherry,4,25,4,False,False,False,True,False,Dry Cherry (Intensity:59),10843.5,0.8737026871918021,0.9907263590680676,1.1150442477876106,0.7615887062789718,0,59.17668422008353
Dry Cherry_51.jpg,Dry Cherry,4,0,5,False,False,False,True,True,"Dry Cherry (Intensity:59), Insect Damage (1 holes)",9187.5,0.872302648905004,0.9856775024139041,0.9203539823008849,0.78178182437032,1,58.99764630362683
Dry Cherry_52.jpg,Dry Cherry,4,25,4,False,False,False,True,False,Dry Cherry (Intensity:57),9601.0,0.8876385528756713,0.9880621591026036,1.0454545454545454,0.7589723320158103,0,56.824059842196945
Dry Cherry_53.jpg,Dry Cherry,4,25,4,False,False,False,True,False,Dry Cherry (Intensity:52),10115.5,0.8542628738010829,0.9850520985490311,1.2169811320754718,0.7397615913412315,0,52.119151833479236
Dry Cherry_54.jpg,Dry Cherry,4,0,5,False,True,False,True,False,"Partial Sour (R/G:1.41), Dry Cherry (Intensity:53)",6361.5,0.8622166800569173,0.9854387731391836,1.1022727272727273,0.745255388940956,0,52.87940859387032
Severe Insect Damange_01.jpg,Severe Insect Damage,5,0,5,False,False,True,False,True,"Withered (signals:6), Insect Damage (1 holes)",2951.0,0.7444000996855111,0.9455302787568087,1.4807692307692308,0.737012987012987,1,162.7096985583224
Severe Insect Damange_02.jpg,Severe Insect Damage,5,0,5,False,True,False,False,True,"Partial Sour (R/G:1.33), Insect Damage (2 holes)",3160.5,0.669390874115903,0.9241228070175439,0.9142857142857143,0.70546875,2,122.27347812786785
Severe Insect Damange_03.jpg,Severe Insect Damage,5,0,5,False,True,False,False,True,"Partial Sour (R/G:1.37), Insect Damage (2 holes)",3568.5,0.8533435413518378,0.9818406933553446,1.2295081967213115,0.78,2,144.45843554101936
Severe Insect Damange_04.jpg,Severe Insect Damage,5,0,5,False,True,False,False,True,"Partial Sour (R/G:1.37), Insect Damage (2 holes)",3754.5,0.8074701724128518,0.9667825415218231,1.3015873015873016,0.7267711962833914,2,133.68937823834196
Severe Insect Damange_05.jpg,Severe Insect Damage,5,0,5,True,False,False,False,True,"Broken (AR:0.82, Ext:0.67), Insect Damage (2 holes)",4863.5,0.6634051507852016,0.9323301063931755,0.8191489361702128,0.6719397623652943,2,178.6948168901341
Severe Insect Damange_06.jpg,Severe Insect Damage,5,0,5,True,True,False,False,True,"Broken (AR:1.33, Ext:0.65), Partial Sour (R/G:1.29), Insect Damage (1 holes)",4137.0,0.7511482080991528,0.9499425947187141,1.3333333333333333,0.6517013232514177,1,121.76930320150659
Severe Insect Damange_07.jpg,Severe Insect Damage,5,0,5,False,False,True,False,True,"Withered (signals:6), Insect Damage (1 holes)",3642.0,0.4692256696572026,0.8969338751385297,1.0857142857142856,0.6845864661654135,1,141.0660851176315
Severe Insect Damange_08.jpg,Severe Insect Damage,5,25,4,True,False,False,False,False,"Broken (AR:1.89, Ext:0.74)",4213.5,0.7171342733603909,0.9706288873531445,1.8909090909090909,0.7366258741258741,0,167.25334563913245
Severe Insect Damange_09.jpg,Severe Insect Damage,5,0,5,True,False,False,False,True,"Broken (AR:1.29, Ext:0.66), Insect Damage (1 holes)",3296.0,0.6224060130510065,0.9226032190342898,1.2903225806451613,0.6645161290322581,1,103.59196245233207
Severe Insect Damange_10.jpg,Severe Insect Damage,5,25,4,True,False,False,False,False,"Broken (AR:1.91, Ext:0.73)",4214.5,0.7129505653793056,0.9706356517733763,1.9090909090909092,0.7297835497835498,0,167.26435986159169
Severe Insect Damange_11.jpg,Severe Insect Damage,5,0,5,False,False,True,False,True,"Withered (signals:3), Insect Damage (4 holes)",4727.0,0.7456383507863862,0.9457783113245298,1.323943661971831,0.7082709020077914,4,122.25288778877888
Severe Insect Damange_12.jpg,Severe Insect Damage,5,0,5,False,True,False,False,True,"Partial Sour (R/G:1.31), Insect Damage (2 holes)",6144.5,0.8610138110181323,0.9881794789321325,1.043956043956044,0.7107576633892423,2,156.36501355445702
Severe Insect Damange_13.jpg,Severe Insect Damage,5,25,4,True,False,False,False,False,"Broken (AR:0.64, Ext:0.78)",5743.0,0.8083605647258851,0.982129115006413,0.6448598130841121,0.7778680753081403,0,165.19928522804628
Severe Insect Damange_14.jpg,Severe Insect Damage,5,0,5,False,False,True,False,True,"Withered (signals:6), Insect Damage (2 holes)",4705.5,0.7639693618886392,0.959033934576582,1.1578947368421053,0.7035735645933014,2,168.76512013256007
Severe Insect Damange_15.jpg,Severe Insect Damage,5,0,5,False,False,True,False,True,"Withered (signals:4), Insect Damage (1 holes)",5977.5,0.8759550063530586,0.9880981899330523,1.225,0.7624362244897959,1,150.23558322411535
Severe Insect Damange_16.jpg,Severe Insect Damage,5,0,5,False,False,True,False,True,"Withered (signals:6), Insect Damage (1 holes)",3952.0,0.7462829372888995,0.9766464846163351,1.4603174603174602,0.6818495514147688,1,156.54686346863468
Severe Insect Damange_17.jpg,Severe Insect Damage,5,0,5,False,False,True,False,True,"Withered (signals:4), Insect Damage (2 holes)",3943.5,0.8830432269445635,0.9878507014028056,0.881578947368421,0.7744501178318932,2,166.49938225846307
Severe Insect Damange_18.jpg,Severe Insect Damage,5,0,5,False,False,True,False,True,"Withered (signals:6), Insect Damage (1 holes)",3464.0,0.7896124508078884,0.9686800894854586,1.1194029850746268,0.6893532338308458,1,158.6490883590463
Severe Insect Damange_19.jpg,Severe Insect Damage,5,0,5,False,False,True,False,True,"Withered (signals:4), Insect Damage (1 holes)",3529.5,0.8630683169337807,0.9882402351952961,1.1515151515151516,0.7036483253588517,1,178.96303448275862
Severe Insect Damange_20.jpg,Severe Insect Damage,5,70,2,False,False,True,False,False,Withered (signals:4),4162.0,0.8787292318334842,0.9878946119154997,1.1764705882352942,0.7650735294117647,0,166.6555763823805
Severe Insect Damange_21.jpg,Severe Insect Damage,5,50,3,False,True,False,False,False,Partial Sour (R/G:1.36),2402.5,0.681555084901769,0.9290409899458624,0.796875,0.7360600490196079,0,112.62905162064826
Severe Insect Damange_22.jpg,Severe Insect Damage,5,0,5,False,True,False,False,True,"Partial Sour (R/G:1.31), Insect Damage (2 holes)",3244.5,0.723553089384744,0.9573620537031573,1.0,0.7016652249134948,2,147.46877801015836
Severe Insect Damange_23.jpg,Severe Insect Damage,5,70,2,False,False,True,False,False,Withered (signals:3),5766.5,0.8430576817640516,0.9854738101341536,1.2307692307692308,0.7700988247863247,0,172.97845266372582
Severe Insect Damange_24.jpg,Severe Insect Damage,5,0,5,False,False,True,False,True,"Withered (signals:4), Insect Damage (3 holes)",5165.0,0.8638491103569853,0.9891793545915925,1.273972602739726,0.7607895124466048,3,168.2840651021953
Severe Insect Damange_25.jpg,Severe Insect Damage,5,70,2,False,False,True,False,False,Withered (signals:4),4027.0,0.878807679714672,0.9895564565671459,1.2461538461538462,0.7648622981956316,0,170.57298474945534
Severe Insect Damange_26.jpg,Severe Insect Damage,5,0,5,False,False,True,False,True,"Withered (signals:5), Insect Damage (2 holes)",4213.0,0.8634189802097959,0.9803374054682955,0.9358974358974359,0.7399016508605549,2,167.62037037037038
Severe Insect Damange_27.jpg,Severe Insect Damage,5,0,5,True,False,False,False,True,"Broken (AR:0.88, Ext:0.64), Insect Damage (4 holes)",4903.5,0.780498958924748,0.9793289394847214,0.8817204301075269,0.6429976396538158,4,149.72779769016327
Severe Insect Damange_28.jpg,Severe Insect Damage,5,0,5,False,False,True,False,True,"Withered (signals:5), Insect Damage (1 holes)",3426.0,0.8126675521027841,0.9675232985032477,1.180327868852459,0.7800546448087432,1,181.1142290249433
Severe Insect Damange_29.jpg,Severe Insect Damage,5,70,2,False,False,True,False,False,Withered (signals:5),6072.0,0.820902808774791,0.9844357976653697,0.89,0.682247191011236,0,175.59071117561683
Severe Insect Damange_30.jpg,Severe Insect Damage,5,70,2,False,False,True,False,False,Withered (signals:5),4247.0,0.8123918831737534,0.9831018518518518,1.5932203389830508,0.7657771366750812,0,168.32935779816515
Severe Insect Damange_31.jpg,Severe Insect Damage,5,25,4,True,False,False,False,False,"Broken (AR:0.87, Ext:0.60)",1880.5,0.49602885491438176,0.8339246119733925,0.8666666666666667,0.6027243589743589,0,116.42618806875632
Severe Insect Damange_32.jpg,Severe Insect Damage,5,0,5,False,False,True,False,True,"Withered (signals:4), Insect Damage (3 holes)",4083.5,0.8488852501353201,0.9833835039133052,0.735632183908046,0.7333872126436781,3,190.27452852709476
Severe Insect Damange_33.jpg,Severe Insect Damage,5,0,5,True,False,False,False,True,"Broken (AR:0.68, Ext:0.66), Insect Damage (2 holes)",2628.5,0.7084618938102856,0.9667157043030526,0.6753246753246753,0.6564685314685315,2,162.73054331864904
Severe Insect Damange_34.jpg,Severe Insect Damage,5,0,5,False,False,True,False,True,"Withered (signals:4), Insect Damage (1 holes)",4261.5,0.8577515010667723,0.9863441731281102,1.2173913043478262,0.735248447204969,1,178.25612268253604
Severe Insect Damange_35.jpg,Severe Insect Damage,5,70,2,False,False,True,False,False,Withered (signals:5),4056.5,0.8111019306422967,0.9767637852155069,1.1690140845070423,0.6883590700831494,0,148.9752641690682
Severe Insect Damange_36.jpg,Severe Insect Damage,5,0,5,False,False,True,False,True,"Withered (signals:3), Insect Damage (3 holes)",4897.5,0.8761383211482153,0.988295832912925,0.797752808988764,0.7750435195442317,3,192.2659086375424
Severe Insect Damange_37.jpg,Severe Insect Damage,5,70,2,False,False,True,False,False,Withered (signals:6),4314.5,0.7509763098513446,0.956864049678421,0.8809523809523809,0.6940958815958816,0,146.50598059128865
Severe Insect Damange_38.jpg,Severe Insect Damage,5,25,4,True,False,False,False,False,"Broken (AR:0.84, Ext:0.65)",4748.5,0.7805484106539788,0.9653384834315918,0.8387096774193549,0.6546043562172594,0,185.81401561857788
Severe Insect Damange_39.jpg,Severe Insect Damage,5,25,4,True,False,False,False,False,"Broken (AR:1.21, Ext:0.65)",4573.0,0.5124363342438731,0.9368022124347024,1.2105263157894737,0.6540331807780321,0,153.68645325418697
Severe Insect Damange_40.jpg,Severe Insect Damage,5,0,5,True,False,False,False,True,"Broken (AR:1.12, Ext:0.67), Insect Damage (4 holes)",2690.0,0.5261068596501972,0.9031391640087292,1.1166666666666667,0.6691542288557214,4,175.40221270521056
Severe Insect Damange_41.jpg,Severe Insect Damage,5,0,5,True,False,False,False,True,"Broken (AR:1.01, Ext:0.67), Insect Damage (2 holes)",3313.5,0.8078024626225827,0.9819232478885761,1.0142857142857142,0.6667002012072435,2,151.72785923753665
Severe Insect Damange_42.jpg,Severe Insect Damage,5,0,5,False,False,True,False,True,"Withered (signals:3), Insect Damage (1 holes)",5629.5,0.8719493288488214,0.9888459511681011,0.9333333333333333,0.7446428571428572,1,164.7912030598053
Severe Insect Damange_43.jpg,Severe Insect Damage,5,25,4,True,False,False,False,False,"Broken (AR:0.96, Ext:0.67)",3508.0,0.8100602936083943,0.9798882681564246,0.9594594594594594,0.6676817662733155,0,168.8666481840865
Severe Insect Damange_44.jpg,Severe Insect Damage,5,0,5,False,True,False,False,True,"Partial Sour (R/G:1.35), Insect Damage (2 holes)",4345.5,0.7822709384057644,0.9735633471490982,0.6631578947368421,0.7260651629072682,2,151.5987446760816
Severe Insect Damange_45.jpg,Severe Insect Damage,5,0,5,False,False,True,False,True,"Withered (signals:4), Insect Damage (3 holes)",4750.5,0.8056509733316295,0.984559585492228,0.7526881720430108,0.7297235023041475,3,173.58665297741274
Severe Insect Damange_46.jpg,Severe Insect Damage,5,70,2,False,False,True,False,False,Withered (signals:6),4659.0,0.7927150937639238,0.9639975170701428,0.9879518072289156,0.6845430502497796,0,171.32579564489112
Severe Insect Damange_47.jpg,Severe Insect Damage,5,0,5,False,False,True,False,True,"Withered (signals:3), Insect Damage (1 holes)",3971.5,0.8517198878149115,0.9854838709677419,0.7261904761904762,0.7750780640124902,1,192.38891613536046
Severe Insect Damange_48.jpg,Severe Insect Damage,5,0,5,False,False,True,False,True,"Withered (signals:4), Insect Damage (3 holes)",5071.0,0.8515050103569154,0.9838005626151906,0.8791208791208791,0.696565934065934,3,168.4676050906286
Severe Insect Damange_49.jpg,Severe Insect Damage,5,0,5,False,True,False,False,True,"Partial Sour (R/G:1.32), Insect Damage (1 holes)",8234.0,0.785780720017469,0.9765759354800451,0.944954128440367,0.7334105281909682,1,132.69899904671115
Severe Insect Damange_50.jpg,Severe Insect Damage,5,100,1,False,False,False,False,False,,5275.0,0.8510997785725165,0.9857049425394749,0.9545454545454546,0.7136093073593074,0,119.39729328883945
Severe Insect Damange_51.jpg,Severe Insect Damage,5,0,5,False,True,False,False,True,"Partial Sour (R/G:1.31), Insect Damage (2 holes)",9938.0,0.8141788322340693,0.979933934822265,1.276190476190476,0.7063255152807392,2,126.43295398317665
Severe Insect Damange_52.jpg,Severe Insect Damage,5,10,5,False,False,False,False,True,Insect Damage (3 holes),6269.0,0.8148279489873276,0.9761756462161321,0.8367346938775511,0.7801144848183176,3,95.08679363097096
Severe Insect Damange_53.jpg,Severe Insect Damage,5,0,5,False,False,True,False,True,"Withered (signals:5), Insect Damage (1 holes)",7778.0,0.7908065776620024,0.9797203678045093,0.7876106194690266,0.7733916674952769,1,141.74836106908725
Severe Insect Damange_54.jpg,Severe Insect Damage,5,0,5,False,True,False,False,True,"Partial Sour (R/G:1.35), Insect Damage (1 holes)",6614.5,0.7534254135001355,0.978548709224055,1.5657894736842106,0.7313688633348077,1,112.69684864624945
Severe Insect Damange_55.jpg,Severe Insect Damage,5,70,2,False,False,True,False,False,Withered (signals:4),6013.0,0.8617907450458675,0.9871131905113683,1.2987012987012987,0.7809090909090909,0,140.15008953280156
Severe Insect Damange_56.jpg,Severe Insect Damage,5,0,5,False,True,False,False,True,"Partial Sour (R/G:1.32), Insect Damage (2 holes)",4505.0,0.742587774439422,0.9813745779326871,1.578125,0.6969368811881188,2,102.60756756756757
Severe Insect Damange_57.jpg,Severe Insect Damage,5,15,5,False,False,False,False,True,Insect Damage (1 holes),3663.5,0.87497573090472,0.9862700228832952,1.121212121212121,0.7501023751023751,1,118.08160552897395
