filename,class_name,class_num,area,perimeter,circularity,solidity,extent,aspect_ratio,holes_count,center_cut_lines,mean_intensity,red_ratio,green_ratio,is_valid
premium-700.jpg,Normal,0,8577.5,354.7766926288605,0.8563679974139023,0.9904162577218405,0.7563932980599647,0.7142857142857143,1,21,123.13069873997709,40.687895659854945,35.22224823030106,True
premium-701.jpg,Normal,0,9936.0,383.01933157444,0.8510989579636966,0.9893458130040824,0.7603305785123967,0.75,0,19,133.6630370223718,41.29818420395664,35.49823827219352,True
premium-702.jpg,Normal,0,12094.0,434.617311835289,0.8045736138235569,0.9852947166890709,0.6924310088171304,0.8661971830985915,0,39,127.1801302931596,39.158902510321134,34.90699558609766,True
premium-703.jpg,Normal,0,9564.0,373.3624783754349,0.8621604370626749,0.9905235358086065,0.7702963917525774,0.7578125,0,19,101.09644252519021,42.03539693802762,35.35149463147413,True
premium-704.jpg,Normal,0,7919.5,343.9482650756836,0.8412428399935289,0.9868535825545172,0.737658345752608,0.7213114754098361,1,21,118.70112805255981,42.26513533320987,35.734047677332164,True
premium-705.jpg,Normal,0,10196.5,405.54624485969543,0.7790767049106809,0.9853594897564747,0.6959118209118209,0.668918918918919,1,35,135.73758318063457,41.725872451784625,35.85762417323571,True
premium-706.jpg,Normal,0,10471.5,436.2325360774994,0.6914848240391004,0.9757722592368262,0.7397739314729778,0.6375838926174496,0,30,145.00909858362255,40.59594243603972,35.51277357721371,True
premium-707.jpg,Normal,0,10177.0,400.19090485572815,0.7985373057536923,0.9841883854745902,0.7525140490979,0.6258503401360545,2,54,147.7464258114374,39.03898180526056,35.24015648560376,True
premium-708.jpg,Normal,0,9683.5,381.9482640028,0.8341288454266724,0.987356614835585,0.7630811662726557,0.6962962962962963,0,28,121.60142131979696,40.78170120851301,35.3536655885553,True
premium-709.jpg,Normal,0,12745.5,440.03152644634247,0.8271783430204499,0.9867993186745122,0.7276905509563232,0.7290322580645161,4,50,123.91982372042678,40.81290745204555,35.48356457259996,True
premium-710.jpg,Normal,0,9420.0,371.84775972366333,0.8561116917229209,0.9879909801248099,0.7492245287520878,0.7795275590551181,0,49,113.0786012526096,40.63958232220434,35.55989023552115,True
premium-711.jpg,Normal,0,9049.5,376.776692032814,0.8010624797789314,0.9833740831295843,0.7448148148148148,0.6666666666666666,4,26,114.74959296646044,40.38863411254816,35.369826465822754,True
premium-712.jpg,Normal,0,5654.0,286.93607234954834,0.8629693468517708,0.9872533612711717,0.7630229419703104,0.8210526315789474,0,13,135.61463921093616,41.7900982466123,35.59409143680508,True
premium-713.jpg,Normal,0,13419.0,464.7594472169876,0.7806809176513001,0.9857851239669422,0.6892141756548537,0.7151515151515152,1,28,124.98648847114114,41.04899451930562,35.49863261184487,True
premium-714.jpg,Normal,0,15087.5,482.85995185375214,0.8131764142048056,0.9897985960768878,0.7567967495987159,0.6292134831460674,2,30,106.49205726613062,40.376618911475596,35.434520914184134,True
premium-715.jpg,Normal,0,10260.0,393.1614669561386,0.8340946414736897,0.9853541416566627,0.742509769865393,0.6950354609929078,0,32,120.36705340876402,40.258446514362596,35.38335363594381,True
premium-716.jpg,Normal,0,10218.5,391.7472538948059,0.8367295208507358,0.9842989934017242,0.7384910023849101,0.7372262773722628,2,45,142.75382689900837,39.62454150714152,35.3498412279456,True
premium-717.jpg,Normal,0,8364.5,361.462984085083,0.8044928530592796,0.9850438673968086,0.7543740981240982,0.6363636363636364,1,23,119.01865759211452,38.94180295684477,35.31634034068599,True
premium-718.jpg,Normal,0,10596.5,409.74725437164307,0.7931223752817707,0.9837534233857865,0.7473903230356891,0.7338129496402878,0,31,100.42268423983664,39.21250104257893,35.097083646107016,True
premium-719.jpg,Normal,0,12259.5,434.5168060064316,0.8159611191664933,0.9864022207024178,0.7154236694677871,0.7320261437908496,4,53,114.12182577949213,40.2511731212923,35.53523682499859,True
premium-720.jpg,Normal,0,15009.5,493.40410792827606,0.7747660240070077,0.9848107079587953,0.7780167945262285,0.5824175824175825,3,23,120.75111636459154,39.9299275534635,35.55825195717188,True
premium-721.jpg,Normal,0,12462.0,435.98989605903625,0.8238435795512121,0.9897152841202398,0.7684054753977062,0.6415094339622641,1,31,120.36555485298767,40.451276272310544,35.65883119398517,True
premium-722.jpg,Normal,0,10624.0,399.50461435317993,0.8364776208458871,0.9889230196406963,0.7474321091881244,0.7463768115942029,1,34,118.5166249884227,40.22387533129349,35.59980890051699,True
premium-723.jpg,Normal,0,10300.5,385.74725437164307,0.8698862843985622,0.9896714066102997,0.7591760023584906,0.828125,0,36,127.83833365182495,40.967840748099334,35.115523784402406,True
premium-724.jpg,Normal,0,11434.5,433.60511922836304,0.764254916045137,0.9878617710583153,0.7578539236479321,0.5609756097560976,0,28,112.16635128161019,41.93988033510589,35.64047506935344,True
premium-725.jpg,Normal,0,11495.5,415.8893896341324,0.835183774760477,0.9854693527646806,0.7323840468909276,0.7569444444444444,0,34,150.21612129518587,40.395074198999566,35.85407458576235,True
premium-726.jpg,Normal,0,7722.0,336.8771984577179,0.8550596797889958,0.9883527454242929,0.7389473684210527,0.8636363636363636,0,24,159.53082496504385,41.02336207641535,35.77995775241957,True
premium-727.jpg,Normal,0,10802.0,404.3330419063568,0.830301018615447,0.9889677271686885,0.7524904214559387,0.6827586206896552,1,28,127.19677507515715,40.62713769957927,35.38185650183681,True
premium-728.jpg,Normal,0,12010.0,428.2741656303406,0.822828102751095,0.9885180460101238,0.7056404230317274,0.777027027027027,0,30,132.76377952755905,40.38475568165837,35.30431239979748,True
premium-729.jpg,Normal,0,10779.0,396.33304035663605,0.8623186484444111,0.9890351883286691,0.7574309605790176,0.8045112781954887,1,43,112.41954337899543,40.26507998533358,34.80442195899945,True
premium-730.jpg,Normal,0,11343.0,407.7888832092285,0.8571701358194777,0.9877220480668757,0.7263703893442623,0.953125,1,15,125.93660993400486,39.13470590248438,34.48566736447153,True
premium-731.jpg,Normal,0,12027.0,430.81832218170166,0.8142895190793432,0.9851736566186108,0.7326388888888888,1.263157894736842,2,35,135.52947437366956,40.007901641737845,35.392934901637446,True
premium-732.jpg,Normal,0,14299.0,468.5584352016449,0.8184421901600675,0.9882507429677241,0.6861982915826855,0.9139072847682119,0,24,112.83437952679864,41.95490324246236,35.46490307767518,True
premium-733.jpg,Normal,0,11650.0,420.1320320367813,0.8294003229653116,0.9892582685857428,0.7347839798170924,0.695364238410596,0,23,120.60600169061708,41.232420559526325,35.582496456467325,True
premium-734.jpg,Normal,0,8126.5,342.14927554130554,0.8723327031453938,0.9890464309620884,0.7766150611620795,0.8807339449541285,0,15,123.15985983566941,41.317904498751204,35.155653342410766,True
premium-735.jpg,Normal,0,13092.0,438.13203179836273,0.8570493887451396,0.9912549687677455,0.7699364855328158,0.6987179487179487,2,39,121.51923800918605,39.80620462208496,35.22705943536828,True
premium-736.jpg,Normal,0,10653.0,397.16146779060364,0.8486870530424924,0.9881272609219924,0.7404086738949124,0.8257575757575758,0,25,120.37629342202513,40.35595434270392,35.05137561074332,True
premium-737.jpg,Normal,0,12275.0,427.5046133995056,0.8440141997657191,0.9875698942033067,0.7713334171170039,0.7465753424657534,0,22,134.0875461402664,38.97920239872272,34.63891083980638,True
premium-738.jpg,Normal,0,14058.5,468.3157970905304,0.8055105524791534,0.9875316100028098,0.6864501953125,0.8,5,45,144.41691800519044,40.52197316137519,35.56010243665184,True
premium-739.jpg,Normal,0,13355.0,447.2447278499603,0.8390025809711682,0.9815161871164517,0.7071375622153977,0.9366197183098591,0,35,142.51033668044892,42.04550906013556,35.928324710700814,True
premium-740.jpg,Normal,0,12182.0,433.3036049604416,0.8153495853613112,0.9879967558799676,0.7230531813865148,0.8125,1,31,133.27326380467298,40.986626012962276,35.47271428118995,True
premium-741.jpg,Normal,0,13764.0,452.96045780181885,0.8430123675432672,0.9900733707380233,0.7575123830489818,0.7278481012658228,0,21,122.2535100286533,40.89429258641051,35.452127821042666,True
premium-742.jpg,Normal,0,13405.5,450.2325357198715,0.8310346450315679,0.9895548829999262,0.7643687991789258,0.7025316455696202,4,38,113.24283193647993,41.81173424447946,35.585255087600984,True
premium-743.jpg,Normal,0,10173.5,387.4041094779968,0.8518277948927375,0.9904108255451713,0.7313803019410496,0.823076923076923,0,34,120.65228745526646,42.09915040289578,35.447911743345585,True
premium-744.jpg,Normal,0,9808.5,382.7766926288605,0.8412430498825082,0.9883615477629988,0.7624766791044776,0.7164179104477612,0,36,133.60621553884712,41.15877190667301,35.68838540339734,True
premium-745.jpg,Normal,0,7553.0,332.048770904541,0.8608462554460057,0.9882891723912333,0.7531910650179497,0.8440366972477065,0,21,117.56327962577963,41.93959473951126,35.11503909870788,True
premium-746.jpg,Normal,0,10968.0,412.3330408334732,0.8106642704058146,0.9856661424399011,0.7435428106569046,0.6644295302013423,0,41,130.4213689782004,42.1603487429337,35.73366012463264,True
premium-747.jpg,Normal,0,12683.5,436.9188266992569,0.8349249895392115,0.9878884648337098,0.776984807645185,0.6883116883116883,3,32,139.3433009708738,40.29929025612359,35.433099001856306,True
premium-748.jpg,Normal,0,13158.0,445.30360305309296,0.8338488379078424,0.9862089641732874,0.7478260869565218,0.7516339869281046,0,23,144.82915137442887,40.70625237467354,35.455496079227046,True
premium-749.jpg,Normal,0,11235.0,406.4751760959625,0.8545055445250431,0.9892577265122832,0.7469086557638612,0.7898550724637681,1,58,125.58304847050574,42.580409319739935,35.89255989273698,True
premium-750.jpg,Normal,0,7300.0,327.2203434705734,0.8567460914292014,0.9863531955141197,0.745658835546476,0.8090909090909091,1,32,116.16758500201585,41.35762864639631,35.31991324638944,True
premium-751.jpg,Normal,0,9886.0,385.64674961566925,0.8353166143002821,0.9888472118029508,0.7179375453885258,0.7555555555555555,2,34,142.40756218905472,40.539247220021394,35.696907890246436,True
premium-752.jpg,Normal,0,11222.5,404.51680612564087,0.8618393889127508,0.989202291758484,0.7075977301387137,0.9384615384615385,1,38,114.34682233146067,40.45835292042519,35.028824668330536,True
premium-753.jpg,Normal,0,12111.0,441.3036048412323,0.7814746921217098,0.9867198957145185,0.7239956958393113,0.6219512195121951,2,37,138.12282555682003,40.67073642108624,35.66593271782177,True
premium-754.jpg,Normal,0,7361.0,339.01933193206787,0.8048181359370035,0.9831051752921536,0.695878237852146,0.6991869918699187,0,16,120.31805463024651,41.26214380129236,35.34586947459763,True
premium-755.jpg,Normal,0,10366.5,385.26197350025177,0.8776669126331048,0.9891226563618148,0.763927781871776,0.9745762711864406,1,27,120.19443653280167,40.59488701679347,35.64927901217264,True
premium-756.jpg,Normal,0,9877.5,386.7766921520233,0.8297290825871295,0.9892338507761642,0.7753139717425431,0.65,0,19,132.56579733227156,41.132042823657095,35.25116938990833,True
premium-757.jpg,Normal,0,12930.0,439.9310202598572,0.8395357938769371,0.9881543752388231,0.7270580296896086,0.7697368421052632,2,48,109.88366242281009,40.55516954035068,35.37737038749608,True
premium-758.jpg,Normal,0,12832.0,433.9310235977173,0.8563726984103576,0.9868491886487734,0.7217097862767154,0.9071428571428571,0,24,125.90258143822987,40.884508116695656,35.68688783597941,True
premium-759.jpg,Normal,0,11713.5,416.8599531650543,0.847063942228876,0.9856115107913669,0.7193257184966838,0.855072463768116,1,47,138.99428090832632,40.497544972859814,35.47502347113859,True
premium-760.jpg,Normal,0,11218.5,414.91882729530334,0.8188764336536424,0.9846835776353902,0.7490985576923077,0.7222222222222222,5,71,148.17203263444162,39.52587648176702,35.29773703293351,True
premium-761.jpg,Normal,0,11386.5,410.09040093421936,0.850826301863652,0.9874685630040759,0.7655819269817791,0.7697841726618705,8,48,122.6970168612192,42.08594193565595,35.66845632980608,True
premium-762.jpg,Normal,0,10327.0,396.4751763343811,0.8255664570617274,0.9892710029696331,0.7126984126984127,0.7608695652173914,3,44,131.9487423780488,41.74781130657529,35.763396281797334,True
premium-763.jpg,Normal,0,11422.5,423.2619731426239,0.8012213740621845,0.9867824284048206,0.7739869901070606,0.5987261146496815,1,50,128.5696071674707,40.23326896604238,35.24122266918424,True
premium-764.jpg,Normal,0,12920.5,458.31579554080963,0.7729644743473896,0.9841940889701402,0.7031564625850341,0.8503401360544217,4,36,124.76833917950282,41.19805393898275,35.522093721013064,True
premium-765.jpg,Normal,0,10905.0,410.3330409526825,0.8138840854076705,0.9884880348078318,0.7395225823952258,0.6917808219178082,0,21,114.91717044121627,41.42315504515556,35.76369008763904,True
premium-766.jpg,Normal,0,11798.5,422.2325359582901,0.8316359782873091,0.9885216371329228,0.7536088400613183,0.6776315789473685,2,35,118.6454386111343,42.37101746491417,36.06570394567856,True
premium-767.jpg,Normal,0,10870.0,402.39191567897797,0.8436084367310765,0.9884513958352278,0.809623119320721,0.7153284671532847,0,19,128.7891211874378,41.045670081096866,34.864127346216044,True
premium-768.jpg,Normal,0,11030.5,430.0904006958008,0.7493514705713518,0.9724071053907524,0.7427946127946128,0.66,1,29,121.55619930475086,40.865877694441224,35.531475564121784,True
premium-769.jpg,Normal,0,8999.0,367.8477599620819,0.8357336412306591,0.9879240311779559,0.7364157119476269,0.7230769230769231,0,26,116.69465982308617,41.17040623349252,35.71720917604078,True
premium-770.jpg,Normal,0,8603.5,354.0904002189636,0.8622966951726783,0.9882265104525615,0.7271382691007438,1.1372549019607843,0,17,120.38131140050263,41.07542129792577,35.598539761240424,True
premium-771.jpg,Normal,0,10234.0,389.98989617824554,0.8455680518524279,0.9866949479367528,0.7359942466738584,0.762962962962963,2,46,118.8342467070474,39.832719921474116,35.19562996337866,True
premium-772.jpg,Normal,0,12488.0,450.47517585754395,0.7733231781134301,0.9879746835443038,0.7598880369964708,0.5963855421686747,1,30,124.21255124566383,41.749254863137054,35.84276593338208,True
premium-773.jpg,Normal,0,11430.0,419.7888845205307,0.8150687167686531,0.9870040153706662,0.7141072097963264,0.7019867549668874,1,39,125.50521147385649,40.73662208319577,35.3563084269392,True
premium-774.jpg,Normal,0,11523.0,422.9604569673538,0.8094236557599818,0.98706527325681,0.7112962962962963,0.72,4,39,138.60252904989747,41.90157551404088,35.878963081410944,True
premium-775.jpg,Normal,0,13374.5,449.34523272514343,0.8323905521145575,0.9853753775878582,0.7165166613093324,0.7973856209150327,3,49,125.18796992481202,41.6803980027045,35.603181041103404,True
premium-776.jpg,Normal,0,16042.5,502.8599531650543,0.7972376692548265,0.9874130608727765,0.7492643968053804,0.639344262295082,2,25,113.79209199360473,40.83845020161685,35.71910848794048,True
premium-777.jpg,Normal,0,11385.5,418.2325361967087,0.8179492162500747,0.9878101683151137,0.7465412104124319,0.6688741721854304,1,27,113.23595019885872,40.14777534010921,35.56445334828599,True
premium-778.jpg,Normal,0,11744.0,448.1909054517746,0.7346827232933555,0.9807098121085595,0.7414141414141414,0.5818181818181818,0,64,124.65343715984258,43.176255542520046,35.55892630272325,True
premium-779.jpg,Normal,0,10427.5,392.77669286727905,0.8493733772133498,0.9907834101382489,0.7744726678550208,0.7727272727272727,0,14,126.66430795358053,39.2109117961589,34.104519555147064,True
premium-780.jpg,Normal,0,12314.5,436.71781754493713,0.8113809841314377,0.9869364856742135,0.7376160527103923,0.660377358490566,3,42,134.60249540110374,41.00515188239239,35.5225129839047,True
premium-781.jpg,Normal,0,9970.5,378.2325360774994,0.8758082510936097,0.9902174992551396,0.7346374889478338,0.9914529914529915,0,34,124.58552956272825,40.6637859083264,35.063044836478376,True
premium-782.jpg,Normal,0,7622.0,341.0193325281143,0.823608477866549,0.9864112851041802,0.702617994100295,0.8495575221238938,0,31,131.80056649929188,41.25955773818269,35.48031788005345,True
premium-783.jpg,Normal,0,9660.5,384.7766921520233,0.819958656758299,0.9889946764946765,0.7612687155240346,0.6382978723404256,0,15,126.08943833943835,40.56132464258573,35.22393062707922,True
premium-784.jpg,Normal,0,13932.0,451.78888499736786,0.857733249537019,0.9886460403065569,0.7551219512195122,0.82,1,27,135.93855737240744,39.325001918698355,34.7104227349309,True
premium-785.jpg,Normal,0,10733.0,405.8477598428726,0.818850629277075,0.986670343813201,0.7634798691136719,0.6971830985915493,0,30,134.738496791934,41.55927334359982,35.59264546543514,True
premium-786.jpg,Normal,0,8889.5,364.29141092300415,0.8417620356475636,0.9885460105643592,0.768323249783924,0.6846153846153846,0,35,139.61140583554376,40.95561523024716,35.64338880885823,True
premium-787.jpg,Normal,0,10662.0,401.3036026954651,0.831959959236801,0.9876337362790052,0.7070291777188329,0.8923076923076924,2,41,138.3030554786301,41.067329735392185,35.54119416409039,True
premium-788.jpg,Normal,0,11207.5,408.9188275337219,0.8422565513643845,0.9902805389882925,0.7701161272589844,0.673469387755102,0,65,131.4437417654809,40.67051658926969,35.04185509842733,True
premium-789.jpg,Normal,0,9086.0,369.3624781370163,0.8369067022014061,0.9884682332463012,0.7564102564102564,0.6893939393939394,1,32,132.16915422885572,41.32545587557278,35.70587204433613,True
premium-790.jpg,Normal,0,8819.0,361.3624783754349,0.8486782933199356,0.9887879807153268,0.7468665311653117,0.7804878048780488,0,14,109.72701949860725,43.095862866924264,35.31335710920217,True
premium-791.jpg,Normal,0,9717.0,382.1320312023163,0.8362096617192142,0.985596916522974,0.7111387587822015,1.0892857142857142,2,28,130.3038064385503,39.18962050890569,35.188067402198705,True
premium-792.jpg,Normal,0,9837.5,381.06096279621124,0.8513451936987319,0.9892900241351569,0.712552513399971,1.0085470085470085,1,20,131.30453045304532,39.22009420426445,34.66895280121789,True
premium-793.jpg,Normal,0,9775.0,387.64674937725067,0.8174370857324049,0.9861783696529459,0.7016221648004594,1.1944444444444444,1,27,129.06961770623744,41.74657510253324,35.586705919113996,True
premium-794.jpg,Normal,0,10238.0,384.6761875152588,0.8694295222080447,0.9896090087477647,0.7593828808782079,0.8492063492063492,0,54,115.93762014609766,41.66431007681788,35.520248713004264,True
premium-795.jpg,Normal,0,10734.0,407.9310222864151,0.8105839262192887,0.9871706442267899,0.6658808933002481,0.9538461538461539,0,49,130.4426409903714,40.525496115054054,35.30196284104,True
premium-796.jpg,Normal,0,12241.0,426.61731255054474,0.8451811662756751,0.988412935524244,0.7226092089728453,0.8642857142857143,2,39,140.93190050712388,41.01383289628938,35.57136245018957,True
premium-797.jpg,Normal,0,11090.0,441.78888499736786,0.7140224053249314,0.9796387085376088,0.7282637247176255,0.7659574468085106,1,58,142.16205673758864,39.607252084705685,35.36997762884312,True
premium-798.jpg,Normal,0,10285.0,391.1614682674408,0.8446990870348839,0.9872336340948359,0.7496355685131195,1.4285714285714286,3,32,144.02984789055773,40.67205075818181,35.62883079552721,True
premium-799.jpg,Normal,0,12247.5,432.1736605167389,0.8240256356542135,0.988139900762435,0.6872895622895623,1.0227272727272727,2,50,132.60337892196299,40.52494894413928,35.39164590776953,True
premium-800.jpg,Normal,0,9571.5,374.43354618549347,0.8579073045871611,0.9882808466701084,0.7505292872265349,1.073394495412844,1,27,147.51176410151032,39.35079476515308,34.99651185246277,True
Withered_01.jpg,Withered,1,5749.5,305.03657746315,0.7764904225530189,0.9774736484189052,0.7876027397260273,1.36986301369863,0,23,137.93322005097707,40.67819376852671,34.83150477567769,True
Withered_02.jpg,Withered,1,6243.5,309.8061292171478,0.817443921665778,0.9796030438534558,0.6980657423971377,1.2093023255813953,0,21,146.7478042659975,39.379332424295995,34.744818355798415,True
Withered_03.jpg,Withered,1,5256.0,282.5929263830185,0.8270707216143418,0.9869495821988545,0.7272727272727273,1.356164383561644,0,13,152.52826329490517,38.436690003232,34.7138399983989,True
Withered_04.jpg,Withered,1,5379.0,284.5929263830185,0.8345708383821228,0.9825554845191342,0.7427506213753107,1.4366197183098592,0,10,150.32715376226827,37.945247701600984,34.68352959307158,True
Withered_05.jpg,Withered,1,7037.5,326.77669167518616,0.8281826512221179,0.9821366268927499,0.7125139212311431,1.4337349397590362,0,13,153.4173634336678,37.8765466303455,34.69797042374374,True
Withered_06.jpg,Withered,1,4866.0,266.9360727071762,0.858158355480556,0.9869181624581685,0.7406392694063927,1.2328767123287672,0,15,154.80465769925718,38.465801254654245,34.660140460426234,True
Withered_07.jpg,Withered,1,4774.0,263.9655100107193,0.8609896052069381,0.9867713931376602,0.7669076305220883,1.1066666666666667,0,13,155.58548057259713,38.456228430872855,34.78033672311503,True
Withered_08.jpg,Withered,1,5225.0,275.27921879291534,0.8664615684453576,0.9864074004153295,0.7674794359576969,1.2432432432432432,0,15,142.86398503274089,38.55172837772988,34.884023941194876,True
Withered_09.jpg,Withered,1,5494.0,293.9066354036331,0.7992446483741005,0.966913058782119,0.721565537168374,0.8617021276595744,0,0,162.62153024911032,37.55507854795509,34.612123169272266,True
Withered_10.jpg,Withered,1,4967.5,269.8650047779083,0.8571455982039696,0.9845406798136954,0.7560882800608828,1.2328767123287672,1,4,134.6094395280236,39.90231141203199,34.6102727597668,True
Withered_11.jpg,Withered,1,5293.5,280.0071396827698,0.8484271760633041,0.9829170921919971,0.7352083333333334,1.28,0,13,154.43590690801625,39.83121011728074,34.80210587077841,True
Withered_12.jpg,Withered,1,4661.0,259.1370828151703,0.8722276221346089,0.9848917062863181,0.7799531459170014,1.1527777777777777,0,17,134.98157068062827,39.45605560237915,34.94858332212847,True
Withered_13.jpg,Withered,1,5767.0,296.59292578697205,0.8238312067689136,0.9799490229396771,0.7422136422136422,1.4189189189189189,0,16,143.43097014925374,38.63620092228223,34.77657024073445,True
Withered_14.jpg,Withered,1,4839.5,267.8650051355362,0.847575509204058,0.9789622736927278,0.7470669959864156,0.9634146341463414,1,28,140.53248587570621,38.26197248251873,34.808715725443314,True
Withered_15.jpg,Withered,1,5416.0,286.1076455116272,0.8314374702949759,0.9820489573889393,0.7522222222222222,1.3888888888888888,0,4,142.49990976358058,39.2145732135424,35.12026733219831,True
Withered_16.jpg,Withered,1,6263.0,308.0487698316574,0.829379541084988,0.9823543251509685,0.7018153294486777,1.0543478260869565,1,36,103.51829840475446,39.743591102818,34.52211573121859,True
Withered_17.jpg,Withered,1,4926.5,266.00714123249054,0.8749067343776793,0.9862862862862863,0.733110119047619,0.9523809523809523,0,39,128.53710317460317,39.771183912112704,34.78192580080468,True
Withered_18.jpg,Withered,1,5022.5,275.17871284484863,0.8334895125333127,0.9695945945945946,0.7200716845878136,1.24,2,19,128.74635284964015,39.64531373147568,34.81375434356927,True
Withered_19.jpg,Withered,1,4629.5,256.6934313774109,0.8829059456966738,0.9862590541116318,0.7520305393112411,0.9382716049382716,1,12,128.0902953586498,39.7411296591828,34.652343765827744,True
Withered_20.jpg,Withered,1,4865.5,272.69343161582947,0.822219905369676,0.9793679549114331,0.7289138576779026,1.1866666666666668,0,11,124.86215890850723,39.505489180060636,35.01812911603484,True
Withered_21.jpg,Withered,1,5887.5,292.3502860069275,0.8656328677461199,0.9872558061541041,0.7702119309262166,1.2564102564102564,0,8,147.0043225270158,40.41007422007133,35.10468533009013,True
Withered_22.jpg,Withered,1,5664.0,286.9360729455948,0.8644956420696026,0.9830773236136423,0.759045832216564,0.9010989010989011,0,14,141.2088443599931,39.244780388997114,35.0950580838623,True
Withered_23.jpg,Withered,1,5486.0,280.9360727071762,0.8734753497380816,0.985007630846575,0.7609932029407684,1.0987654320987654,0,9,146.37589158345222,38.264495546876,34.85277644082307,True
Withered_24.jpg,Withered,1,7757.0,345.42135286331177,0.8169684665460205,0.9832055263324672,0.7665019762845849,1.3068181818181819,1,7,140.82945638432363,38.49792438575797,34.818142266354,True
Withered_25.jpg,Withered,1,6295.5,306.9777020215988,0.8395110770067487,0.9849800516310725,0.7153977272727273,1.1363636363636365,0,16,140.25392873813598,39.34980443183333,35.19889948815225,True
Withered_26.jpg,Withered,1,7462.5,330.00713896751404,0.8610880024008083,0.9874950377133783,0.786934514394179,0.7981651376146789,0,15,110.46201366982125,38.428762623998296,34.61756881967899,True
Withered_27.jpg,Withered,1,5827.0,306.3919163942337,0.780010189537849,0.9820510659812927,0.7285571392848212,1.0813953488372092,0,21,125.21987244041625,38.773264484256025,34.74123877659619,True
Withered_28.jpg,Withered,1,5761.5,303.66399359703064,0.785161202801761,0.9528652939717192,0.7083230882714532,0.8469387755102041,1,16,132.5940946886136,39.23349658748481,34.80504793343258,True
Withered_29.jpg,Withered,1,5104.5,270.49242091178894,0.876703762628028,0.9875217643644806,0.7243507875691784,1.0740740740740742,1,18,122.34278597432458,39.10292833187578,34.70968939073283,True
Withered_30.jpg,Withered,1,5888.5,312.2081505060196,0.7591473323974121,0.9708985985160759,0.7693362947478443,0.9662921348314607,0,15,131.34256801592568,38.445749227896606,34.92756829464704,True
Withered_31.jpg,Withered,1,5485.0,288.2497806549072,0.82956137916666,0.9821828274688871,0.7105842725741677,0.8924731182795699,1,37,117.99286860402924,41.326884130341334,34.54335194598837,True
Withered_32.jpg,Withered,1,6975.0,328.6761875152588,0.8113674753911061,0.9847522236340533,0.6830199764982373,1.2065217391304348,2,37,147.2981864192324,39.16003464754958,34.75144534991916,True
Withered_33.jpg,Withered,1,3869.0,237.96551048755646,0.8585795881921205,0.9859836901121305,0.7550741608118657,1.3770491803278688,0,17,123.90407854984895,41.37366923492689,34.805230042943855,True
Withered_34.jpg,Withered,1,4881.0,269.279217839241,0.8458882597734951,0.9751273599041055,0.7581547064305685,0.8505747126436781,2,19,134.62224889955982,39.38491949538817,34.76380127541777,True
Withered_35.jpg,Withered,1,5293.0,280.9360718727112,0.8427460907088756,0.9830980683506686,0.7450731981981982,1.2972972972972974,4,19,139.35863342566944,39.728157565720345,34.704366226783584,True
Withered_36.jpg,Withered,1,6857.5,324.63455641269684,0.817685291236704,0.9813953488372092,0.7401511063140853,1.2823529411764707,1,34,132.9749892811205,38.669038001723536,34.82636082267356,True
Withered_37.jpg,Withered,1,4691.5,261.17871284484863,0.8642632177503267,0.985816347972263,0.7253401360544217,1.0909090909090908,2,29,135.92921090984802,38.72367318649121,34.73641158248465,True
Withered_38.jpg,Withered,1,4883.5,265.8650047779083,0.868197846627222,0.9861672051696284,0.7543249922767995,0.9397590361445783,0,26,137.8257651530306,39.10923502086418,34.76018923371749,True
Withered_39.jpg,Withered,1,4889.5,269.03657734394073,0.8488904658294402,0.9823204419889503,0.7470588235294118,0.9058823529411765,1,34,118.9035350509287,38.871891416191204,34.833692459758794,True
Withered_40.jpg,Withered,1,4327.5,299.3208487033844,0.606978075950171,0.9595343680709535,0.702288218111003,1.0128205128205128,2,32,107.74214542190305,41.03019512084,34.43776642375458,True
Withered_41.jpg,Withered,1,7028.5,323.52185893058777,0.8438499995817385,0.9872182035255285,0.7914977477477477,1.3875,0,15,113.21263245956497,40.30728341009934,34.462645909173766,True
Withered_42.jpg,Withered,1,8711.5,363.80612993240356,0.8271090640474494,0.987810409343463,0.7621609798775153,1.4111111111111112,0,14,148.62022319918836,38.72367247908163,34.760983308313236,True
Withered_43.jpg,Withered,1,5131.0,271.7644999027252,0.8730244940021367,0.987490377213241,0.7475233100233101,0.8863636363636364,1,12,127.36451981707317,40.18949465968632,35.15015056437768,True
Withered_44.jpg,Withered,1,6214.5,300.49242174625397,0.8648663674077959,0.9799731924623512,0.7508155128669808,0.956989247311828,2,18,133.79303278688525,39.24505634903988,34.93603163140689,True
Withered_45.jpg,Withered,1,8990.0,365.5634900331497,0.8453643438033378,0.9880749574105622,0.7903296703296703,1.3736263736263736,0,16,138.27975084690198,37.84153735541151,34.79778961084038,True
Withered_46.jpg,Withered,1,5163.5,279.0365779399872,0.8333583111772889,0.9798842394914129,0.7548976608187135,0.8444444444444444,0,9,147.09931895573212,39.95075112492524,35.02981989827356,True
Withered_47.jpg,Withered,1,5989.0,292.59292685985565,0.8790964586351184,0.986493164223357,0.7688061617458279,1.1585365853658536,1,25,134.2217135382603,38.63552808128093,34.80247439072137,True
Withered_48.jpg,Withered,1,5853.5,294.6345571279526,0.8473408041106342,0.9762341561040694,0.7027010804321728,1.1529411764705881,1,12,130.53596520575442,38.8116036772584,34.88912878002767,True
Withered_49.jpg,Withered,1,6474.5,307.17871367931366,0.8622513129618596,0.9879453727016099,0.772336872241441,1.216867469879518,0,14,125.7212891511575,38.943895086800104,34.90006968688235,True
Withered_50.jpg,Withered,1,6190.5,300.1492745876312,0.8634973235869369,0.986376673040153,0.743157262905162,1.1529411764705881,1,23,120.40955847444216,40.262569196409984,34.589921319019396,True
Withered_51.jpg,Withered,1,6113.5,299.1787134408951,0.858298591965397,0.9824039852161337,0.7719065656565657,0.8080808080808081,0,11,138.8042921204356,39.10299405415098,34.77497942693333,True
Withered_52.jpg,Withered,1,6574.0,311.7644987106323,0.8499360388439471,0.984795146430979,0.7752358490566038,0.7547169811320755,0,16,152.17136045298764,38.943004775644965,34.811518968301336,True
Withered_53.jpg,Withered,1,5567.5,294.3502860069275,0.807497461003263,0.9714709474786251,0.7536889129551916,0.9325842696629213,4,14,129.87482443820224,39.46484748975834,34.80677979637414,True
Withered_54.jpg,Withered,1,5198.5,279.17871260643005,0.838153015519794,0.9854976303317535,0.7296140350877193,1.2666666666666666,0,8,150.13085166384658,39.397918680324516,34.55790055137115,True
Partial Sour_01.jpg,Partial Sour,2,7454.5,332.63455617427826,0.8466300013403106,0.9887916169253217,0.7395337301587301,1.2444444444444445,0,13,128.8714135298763,42.25532322513547,33.918976926689155,True
Partial Sour_02.jpg,Partial Sour,2,6019.5,295.0365790128708,0.8689975567645537,0.9876127973748975,0.7955987311657414,1.2435897435897436,0,13,123.38552845528456,42.37913507921557,34.00773695651465,True
Partial Sour_03.jpg,Partial Sour,2,5444.0,300.6761863231659,0.7567107683552255,0.9781690773515408,0.597322800087777,1.053763440860215,0,18,123.734375,42.81734664958329,34.06902922603797,True
Partial Sour_04.jpg,Partial Sour,2,10883.0,494.5584363937378,0.5591434784688206,0.9338023939250933,0.6540264423076924,1.015625,0,57,107.36983955291149,45.23469841335233,33.37853050674868,True
Partial Sour_05.jpg,Partial Sour,2,10769.0,444.13203024864197,0.686058344207692,0.9663929645084578,0.7205272313662519,0.75177304964539,1,47,94.3992336465651,45.559188421973786,32.89161006200267,True
Partial Sour_06.jpg,Partial Sour,2,4814.5,274.2081503868103,0.8046376249908432,0.9722334410339257,0.7598642676767676,1.2222222222222223,0,28,145.32299898682876,40.767144639476214,34.45856201288124,True
Partial Sour_07.jpg,Partial Sour,2,5811.5,288.8355675935745,0.8753802874679038,0.9862537123462028,0.753956927867151,0.8723404255319149,0,18,139.42705525606468,40.67157240277192,34.27745826713618,True
Partial Sour_08.jpg,Partial Sour,2,6171.0,296.1076457500458,0.8844355029293242,0.9868862945786022,0.7899385560675883,0.9032258064516129,0,17,169.28059038247898,39.76171502638668,34.41470690836563,True
Partial Sour_09.jpg,Partial Sour,2,4881.5,286.0071407556534,0.7499104491338499,0.9595085995085995,0.7013649425287356,1.0875,0,36,121.78241758241758,42.45864094960671,34.291068773153064,True
Partial Sour_10.jpg,Partial Sour,2,5481.0,321.56348836421967,0.6660950457469158,0.9577144854097501,0.680784995652714,0.8556701030927835,0,24,123.29430604982207,40.88819282360067,34.15396389752635,True
Partial Sour_11.jpg,Partial Sour,2,4557.5,259.86500465869904,0.8480880524611459,0.985725100032443,0.7398538961038961,0.7954545454545454,1,32,128.31970021413275,40.906297580125006,34.11222919421274,True
Partial Sour_12.jpg,Partial Sour,2,7190.5,341.8061295747757,0.7734090709696272,0.9769701086956522,0.7397633744855967,1.2,2,46,125.18149611663715,41.72787855724584,34.08177560772014,True
Partial Sour_13.jpg,Partial Sour,2,3977.5,244.55129671096802,0.8357571724761795,0.9841642954348633,0.742070895522388,1.1940298507462686,1,26,146.59818805093047,40.040615265596294,34.41765738415419,True
Partial Sour_14.jpg,Partial Sour,2,4738.0,283.27921772003174,0.7419514561778925,0.9617375418654217,0.7175526275935181,0.7634408602150538,2,15,144.03969559851913,41.62966753758718,33.60836963279405,True
Partial Sour_15.jpg,Partial Sour,2,3434.0,223.13708233833313,0.8666957254990297,0.9824059505077958,0.7318840579710145,1.0147058823529411,1,3,170.59915014164307,38.44038583938219,33.99962546558305,True
Partial Sour_16.jpg,Partial Sour,2,5114.0,274.1076457500458,0.8553193328573389,0.9848820414058739,0.7532773604359995,1.273972602739726,1,26,147.26676858398625,41.97791984175688,34.15311653427035,True
Partial Sour_17.jpg,Partial Sour,2,5912.5,291.8061298131943,0.8725537643565209,0.9883818121029756,0.7229762778185376,1.0804597701149425,0,13,126.72829688535454,41.53724317964184,34.06536923369301,True
Partial Sour_18.jpg,Partial Sour,2,4865.0,264.4507910013199,0.8741842303523101,0.9856158833063209,0.7606316447779863,0.9512195121951219,1,23,117.58835341365462,43.858712851867146,33.23143179977642,True
Partial Sour_19.jpg,Partial Sour,2,6284.5,305.52185809612274,0.8460499835062968,0.9831821026282853,0.7747164694280079,1.3333333333333333,0,13,170.76444929116684,40.476652655761605,34.298721208615135,True
Partial Sour_20.jpg,Partial Sour,2,5434.0,284.45079123973846,0.8439470623176655,0.988988988988989,0.770124716553288,1.3611111111111112,1,16,119.71199856089224,42.36824125788928,34.00795338177985,True
Partial Sour_21.jpg,Partial Sour,2,4379.0,250.79393708705902,0.8748845409121367,0.9888224003612962,0.7602430555555556,1.1111111111111112,1,13,124.71323529411765,41.92885028389683,33.93507550661713,True
Partial Sour_22.jpg,Partial Sour,2,3733.0,233.33809328079224,0.8615818955098145,0.9799186244914031,0.7867228661749209,0.8904109589041096,0,0,177.20380505603336,38.371452001325515,34.060532760369824,True
Partial Sour_23.jpg,Partial Sour,2,4878.5,265.8650048971176,0.8673089364129516,0.9883508914100486,0.7658555729984301,1.3,0,18,150.01682018422107,41.26435827019002,34.07312940730449,True
Partial Sour_24.jpg,Partial Sour,2,5745.5,290.1492745876312,0.8576196335386943,0.9892389807162535,0.7237969261778786,0.826530612244898,0,0,167.63196455955017,39.0377100740223,34.04980003035726,True
Partial Sour_25.jpg,Partial Sour,2,6911.0,318.0487701892853,0.8585454990556692,0.989476698403608,0.732563069747721,1.1910112359550562,3,37,125.45693202781325,41.840507985425184,33.91318466683752,True
Partial Sour_26.jpg,Partial Sour,2,5635.5,304.0071406364441,0.7662575186742738,0.9717217001465643,0.7490031897926634,0.7676767676767676,0,48,153.0898058252427,41.30479254616801,33.612953593192884,True
Partial Sour_27.jpg,Partial Sour,2,7405.5,332.6934313774109,0.8407672715359975,0.9840542156667331,0.8047707020212997,1.244186046511628,0,18,170.89065395816786,41.547972464737384,34.51934266061916,True
Partial Sour_28.jpg,Partial Sour,2,4606.5,350.8355668783188,0.47029862626279506,0.8861209964412812,0.6465263157894737,1.2666666666666666,0,23,143.95569088618228,42.43928472814641,33.955528355773154,True
Partial Sour_29.jpg,Partial Sour,2,4109.0,245.8233746290207,0.8544755742921658,0.9740429062462961,0.7710639894914618,1.0,0,9,172.45234708392604,38.966401775011384,34.130030859169146,True
Partial Sour_30.jpg,Partial Sour,2,4617.5,255.52185988426208,0.8887111894776049,0.9896056579511359,0.7508130081300813,1.0933333333333333,0,12,175.35667442352442,39.10870309640906,34.232767440541345,True
Partial Sour_31.jpg,Partial Sour,2,4420.5,254.35028648376465,0.8586512305816035,0.9852892009361418,0.7176136363636364,0.9625,0,14,169.84610289247075,39.45580512903257,34.17022383655843,True
Partial Sour_32.jpg,Partial Sour,2,7327.0,324.33304035663605,0.8752934308784333,0.989132635842052,0.7048581048581049,1.0606060606060606,0,18,180.87697668185473,39.73754619743705,34.32037342615072,True
Partial Sour_33.jpg,Partial Sour,2,5820.5,290.3502860069275,0.8676121820293389,0.9857735625370481,0.7632441646997115,0.8817204301075269,0,10,172.19926013115858,39.68366129183737,34.86279340901968,True
Partial Sour_34.jpg,Partial Sour,2,4158.5,250.3502860069275,0.8337779124354892,0.9750293083235639,0.729561403508772,1.0133333333333334,1,35,142.28112543962484,43.940620131404614,34.222057683603616,True
Partial Sour_35.jpg,Partial Sour,2,4704.5,263.0365778207779,0.8544586402062923,0.9855451974442233,0.752960947503201,0.8068181818181818,1,25,144.82672753683337,43.366965715302314,33.93661524385595,True
Partial Sour_36.jpg,Partial Sour,2,4268.5,259.8650047779083,0.7943091275061102,0.9753227464869187,0.7266768811712632,1.3484848484848484,1,33,144.83953435288745,41.02539472427601,34.34062334120302,True
Partial Sour_37.jpg,Partial Sour,2,4990.5,270.2081516981125,0.858928533913448,0.9869474933254228,0.7749223602484472,1.3142857142857143,0,21,174.4717165785868,40.916694203665486,34.20596045240069,True
Partial Sour_38.jpg,Partial Sour,2,5394.5,280.97770392894745,0.8586523106634583,0.9905435181784796,0.704610762800418,0.9886363636363636,0,16,146.29131144567387,41.00690141935848,34.88164972260554,True
Partial sour_39.jpg,Partial Sour,2,4495.5,255.52185940742493,0.8652303556486641,0.98791341610812,0.7295520934761441,1.0128205128205128,0,12,148.96460369163952,42.63509787525554,34.03331065302272,True
Partial Sour_40.jpg,Partial Sour,2,6407.5,343.60511922836304,0.6819919174912935,0.9585608497269803,0.6320903620400513,0.8532110091743119,0,32,146.81995727799816,41.53138030750017,33.854636284319476,True
Partial Sour_41.jpg,Partial Sour,2,7519.5,344.23253643512726,0.7974344502990977,0.9834554015171332,0.6448970840480275,0.9636363636363636,1,27,173.10387576667102,39.927852151532115,34.27722062697013,True
Partial Sour_42.jpg,Partial Sour,2,3819.5,236.69343161582947,0.8567299827527259,0.9870784339061894,0.7073148148148148,0.96,0,22,157.71785714285716,39.69976493788702,34.78167802126546,True
Partial Sour_43.jpg,Partial Sour,2,5519.0,328.7350620031357,0.6417682145789341,0.9313981942452114,0.6952632905013857,0.826530612244898,2,17,147.71441186859767,41.57221893967879,33.83722706397379,True
Partial Sour_44.jpg,Partial Sour,2,5706.5,375.3208484649658,0.5090662518155544,0.9142834254586237,0.7278698979591837,0.8163265306122449,1,27,119.24672228843862,43.73262509299959,33.78170659381677,True
Partial Sour_45.jpg,Partial Sour,2,5610.5,295.03657734394073,0.8099527946483962,0.9714310449311748,0.7532894736842105,1.2894736842105263,0,29,111.48493293851246,45.51316436644658,33.47108473800217,True
Partial Sour_46.jpg,Partial Sour,2,3965.0,273.96550953388214,0.6638367217891409,0.9326120192873104,0.7105734767025089,1.4516129032258065,0,21,148.05531081742535,41.966604303251025,34.23313163122707,True
Partial Sour_47.jpg,Partial Sour,2,4645.0,323.07820785045624,0.5592168541593621,0.9460285132382892,0.6974474474474475,1.2162162162162162,1,21,157.07187630589218,41.02760650276551,34.038356681094854,True
Partial Sour_48.jpg,Partial Sour,2,7910.5,343.66399478912354,0.8416775254157153,0.9854864831194717,0.7906546726636682,1.3218390804597702,0,43,122.89047382783428,42.20508319149923,34.13163631952101,True
Partial Sour_49.jpg,Partial Sour,2,6283.0,301.2203423976898,0.8701784585488217,0.9863422291993721,0.7277887177111085,1.0898876404494382,1,36,102.4514116362502,44.439536429620325,33.3201176056118,True
Partial Sour_50.jpg,Partial Sour,2,7317.5,365.11983835697174,0.6897659220258042,0.9661979269822407,0.742290525461554,0.8773584905660378,1,41,147.3607544141252,40.14133293752431,33.90923968272405,True
Broken_01.jpg,Broken,3,9001.0,523.1614682674408,0.41326547575887107,0.9444910807974817,0.7277063626808958,1.4301075268817205,4,29,137.70882512181916,39.477716884030926,34.2017846460536,True
Broken_02.jpg,Broken,3,7539.5,386.5756821632385,0.6339913721637996,0.9693365903831319,0.6411139455782313,0.54421768707483,0,4,159.05061648280338,36.24908203559394,34.20582265697017,True
Broken_03.jpg,Broken,3,6377.5,324.2914115190506,0.7620604751975928,0.9839543315590527,0.6621158637873754,1.302325581395349,0,19,130.8219766728054,42.4922737297714,33.80564248284464,True
Broken_04.jpg,Broken,3,6488.0,321.8477610349655,0.787081529140945,0.9871434005325219,0.6436507936507937,1.09375,0,10,174.06915295183452,38.473588670836634,34.33905425291335,True
Broken_05.jpg,Broken,3,7600.0,330.2497808933258,0.8756657833978992,0.989454498112225,0.7878913539290898,0.8584905660377359,0,14,153.79612653324725,37.93890177430422,34.397865383069615,True
Broken_06.jpg,Broken,3,6722.0,351.3036048412323,0.6844522565612571,0.9667769308212283,0.5562727573651108,0.9298245614035088,0,14,160.08270238788586,39.91327504837566,34.50800513452585,True
Broken_07.jpg,Broken,3,7076.0,348.39191603660583,0.732590950751636,0.9656772432616855,0.6951566951566952,1.3448275862068966,0,0,170.04786939679025,37.59959256751912,34.55172546187632,True
Broken_08.jpg,Broken,3,5453.0,299.4213538169861,0.7643280928795588,0.9821685878962536,0.6916539827498731,1.4794520547945205,0,2,163.579795808705,38.47004379337331,34.41346065187888,True
Broken_09.jpg,Broken,3,6227.5,337.4629842042923,0.6871812717776867,0.963487274696372,0.6252510040160643,0.6916666666666667,0,6,165.33814530048642,36.448758711657256,34.000643762117235,True
Broken_10.jpg,Broken,3,8948.5,359.462984085083,0.8702654775193391,0.9888391623846622,0.7767795138888889,1.25,0,16,157.14047226798462,37.10656520606362,34.28623969693895,True
Broken_11.jpg,Broken,3,9206.5,440.09039986133575,0.5973386713144374,0.9765579421904004,0.6014175594460412,1.9325842696629214,1,10,145.31393617021277,36.9361290550676,34.38111448384539,True
Broken_12.jpg,Broken,3,11005.5,436.1492758989334,0.7270249757190638,0.9793112653497064,0.7767857142857143,1.8295454545454546,0,20,128.3065524013569,38.85525871720835,34.68954373299451,True
Broken_13.jpg,Broken,3,6028.5,391.80613100528717,0.4934880881653057,0.9102370526951532,0.6471819645732689,1.4197530864197532,0,19,149.26636568848758,40.71476756905088,34.56679078737247,True
Broken_14.jpg,Broken,3,11226.0,423.6467492580414,0.7860083239025766,0.9847800342120269,0.7006178618236285,0.7414965986394558,0,17,133.2502410377772,37.260613827699174,34.3044188291842,True
Broken_15.jpg,Broken,3,7715.5,339.60512113571167,0.8406698621720867,0.9833046581278277,0.7306344696969697,1.1458333333333333,2,16,128.95139949109415,40.19125577992178,34.41093559295493,True
Broken_16.jpg,Broken,3,9141.0,386.3919154405594,0.7693917248350122,0.9798477864722908,0.7470578620464204,1.4456521739130435,0,0,146.92568728522338,37.94447655249497,34.70151818744255,True
Broken_17.jpg,Broken,3,7963.0,368.7350630760193,0.735965923722278,0.9746037574199865,0.7282121627800641,1.6666666666666667,0,14,142.58146689638198,38.47274089178836,34.477175065707044,True
Broken_18.jpg,Broken,3,9569.0,399.16146767139435,0.7547084229678316,0.9764783917546813,0.6767326732673268,0.7214285714285714,0,8,153.0132429935325,37.73186397127083,34.63868826640716,True
Broken_19.jpg,Broken,3,11690.0,433.52900063991547,0.781606326355686,0.9788980070339977,0.6228355266663115,1.0,5,36,118.90166835187058,39.95352168381279,34.66661945186609,True
Broken_20.jpg,Broken,3,17757.0,526.9604569673538,0.8035694262954963,0.9843399207295103,0.785360459973463,1.2781954887218046,1,15,143.55163979988882,38.47714070437256,34.564337932468604,True
Broken_21.jpg,Broken,3,10969.5,457.97265005111694,0.6572303505887535,0.9752400426742532,0.5479270729270729,0.8441558441558441,0,0,154.19288657946603,37.05236693401019,34.47558766712317,True
Broken_22.jpg,Broken,3,11091.0,435.2447292804718,0.7357216363297162,0.9675055611288002,0.6131011608623549,1.007462686567164,1,30,134.3876175270534,38.10323908536609,34.557118457185126,True
Broken_23.jpg,Broken,3,8610.5,406.85995173454285,0.6536546403426771,0.9570944256099594,0.5473935155753338,1.0743801652892562,0,22,147.32441357321795,36.768687283360634,34.19482895371407,True
Broken_24.jpg,Broken,3,9180.5,427.5462441444397,0.6311171874826461,0.9484477504003306,0.7244712752525253,1.375,0,6,165.32891926527125,37.20059773109078,34.54491212941477,True
Broken_25.jpg,Broken,3,6975.5,328.63455617427826,0.8116312333375865,0.9799114982088923,0.7373678646934461,1.2790697674418605,0,15,127.65322467331741,40.040284488968595,34.259005521965875,True
Broken_26.jpg,Broken,3,8416.0,374.73506212234497,0.7531247693194536,0.9798579578530678,0.709133805190428,1.4021739130434783,0,17,154.18433931484503,37.974199741017536,34.73199318511557,True
Broken_27.jpg,Broken,3,7383.5,376.4924215078354,0.6545753792013624,0.9089062596171601,0.7329263450466548,1.8904109589041096,0,13,149.15547609588134,38.6901952124535,34.617133364885575,True
Broken_28.jpg,Broken,3,9667.0,398.960457444191,0.7632061763158614,0.9709722780233025,0.6396479851783233,0.937007874015748,0,0,152.94794631964214,37.700922415230494,34.596575549045134,True
Broken_29.jpg,Broken,3,10389.0,449.5878759622574,0.645883854060781,0.8657860744197675,0.5810402684563758,1.2416666666666667,0,24,117.23090737240075,40.372978278496134,34.70510249078934,True
Broken_30.jpg,Broken,3,6310.0,315.42135298252106,0.7969976533719693,0.9740660697746218,0.70994599459946,1.1477272727272727,0,6,155.60452853598014,37.1029919149568,34.64808822056523,True
Broken_31.jpg,Broken,3,9098.5,383.6639938354492,0.7767434088872368,0.9748218781807467,0.7686491509673059,1.4943820224719102,0,24,140.76990291262135,38.58005802106238,34.40482523516032,True
Broken_32.jpg,Broken,3,8343.5,380.7178169488907,0.7233554055306705,0.9647337688616523,0.6104404448346503,1.3137254901960784,0,8,162.1441674506115,37.711515431327165,34.613153321344186,True
Broken_33.jpg,Broken,3,6675.0,335.2792181968689,0.7461873182806336,0.9802481826859535,0.7729272811486799,1.8676470588235294,0,13,161.44688644688645,36.520182733981486,34.38491273281012,True
Broken_34.jpg,Broken,3,8480.5,390.63455736637115,0.6983771184437934,0.9767348114022459,0.7396214896214897,1.8846153846153846,1,39,124.38033052120652,42.394712428611136,33.53639282829746,True
Broken_35.jpg,Broken,3,10096.0,417.5878757238388,0.7275510037933749,0.9778681776357209,0.6046233081806205,1.140495867768595,2,33,146.8672962710544,37.89484296278122,34.47503997484698,True
Broken_36.jpg,Broken,3,10468.5,402.0315247774124,0.8139057249654181,0.9773597236485856,0.6852906520031422,1.1754385964912282,0,14,152.94059033652943,38.672628473303924,34.925227690924594,True
Broken_37.jpg,Broken,3,6922.5,334.8355668783188,0.7759069852519943,0.9868843110699266,0.7570538057742782,1.7638888888888888,1,13,140.64200848656293,36.89166462828597,34.295449017731485,True
Broken_38.jpg,Broken,3,9385.0,380.87719786167145,0.812969390904856,0.9865965834428384,0.7641263637843999,0.644927536231884,2,7,145.00261725293132,37.27149170147336,34.46113594755927,True
Broken_39.jpg,Broken,3,6213.0,304.7350620031357,0.8407490125469681,0.9866603144354454,0.7267516668616213,0.8058252427184466,0,28,145.47399117276166,37.931595858514534,34.41427337142755,True
Broken_40.jpg,Broken,3,6824.0,324.7350618839264,0.8131871694469466,0.9841361407556966,0.7299957210098417,1.3902439024390243,0,0,150.19152907394113,37.28337520592466,34.615592378691275,True
Broken_41.jpg,Broken,3,9495.5,392.51680636405945,0.7744817507593333,0.9798266432772675,0.6400741489720256,1.1217391304347826,0,13,144.0228802153432,38.041986285826255,34.52141852423174,True
Broken_42.jpg,Broken,3,8351.0,383.9310199022293,0.7119376202351959,0.982123956250735,0.5717904827114002,1.1043478260869566,0,0,154.48108108108107,36.82958790623342,34.52517997521063,True
Broken_43.jpg,Broken,3,7078.0,350.87719678878784,0.7224538884660818,0.9694562388713874,0.6531930601698044,1.4651162790697674,0,0,157.18824343015214,36.61210768994717,34.435075343300674,True
Broken_44.jpg,Broken,3,11181.5,439.9482640028,0.7259500098105551,0.9546638207043757,0.7538259286725545,1.7912087912087913,0,8,152.1515337962556,37.910022481993565,34.77362024140703,True
Broken_45.jpg,Broken,3,9405.5,441.4041098356247,0.6066231876381899,0.9617075664621677,0.7474173553719008,0.859504132231405,0,11,154.4724942696395,38.82696423752369,34.45890193888012,True
Broken_46.jpg,Broken,3,11757.5,417.6051197052002,0.8472141931215108,0.9870713176342191,0.7882475194422097,1.168141592920354,0,16,158.93007285821957,37.13953297079925,34.71001233834483,True
Broken_47.jpg,Broken,3,7568.5,352.29140985012054,0.7663295492399291,0.9781583198707593,0.7045708434183579,1.5975609756097562,0,19,152.21150110089366,36.61096455572241,34.33876707611066,True
Broken_48.jpg,Broken,3,9240.5,394.29141104221344,0.7469141752659902,0.9719169077044438,0.7641197386918052,1.5977011494252873,0,24,149.25525812619503,36.83589277088641,34.32731704087663,True
Broken_49.jpg,Broken,3,6047.0,311.07820773124695,0.7852549023825498,0.9724210018493206,0.6992368177613321,1.0217391304347827,0,9,147.25978647686833,37.22073827543916,34.39719475223107,True
Broken_50.jpg,Broken,3,4114.5,339.8650041818619,0.4476246921208283,0.82711830334707,0.6402894491129785,2.2037037037037037,2,21,122.31239746894774,42.50084082291694,33.93994392709304,True
Broken_51.jpg,Broken,3,8751.5,392.7178164720535,0.7130683367122853,0.9574421530550845,0.6453908554572272,0.9416666666666667,0,18,140.76990356582192,40.690959882798275,34.2127285145554,True
Broken_52.jpg,Broken,3,10203.5,450.516806602478,0.6317380546931163,0.9476641590043652,0.6500700815494393,0.7569444444444444,0,0,157.86081185071183,37.70136930066423,34.56738266991411,True
Broken_53.jpg,Broken,3,8995.0,383.36247956752777,0.7691159554270014,0.9861316669407444,0.7190247801758594,1.5444444444444445,0,3,170.92698100851342,37.274897562694406,34.320967945717214,True
Broken_54.jpg,Broken,3,5013.5,274.8355667591095,0.8340748273452578,0.9821725928102655,0.7187813620071685,0.8064516129032258,0,9,152.48996297018124,37.087931399599725,34.52394899710908,True
Broken_55.jpg,Broken,3,4190.0,251.82337510585785,0.8302938217032259,0.9812646370023419,0.764877692588536,1.2575757575757576,0,10,140.70060437006043,37.93932551260523,34.771325789105326,True
Broken_56.jpg,Broken,3,3257.5,231.37972366809845,0.7646165469203919,0.9620496160661548,0.6620934959349594,1.3666666666666667,0,14,137.72743521000893,38.91049934562021,34.7934419467306,True
Broken_57.jpg,Broken,3,3536.5,256.00714015960693,0.678077556657983,0.9552944354403026,0.5660211267605634,1.2394366197183098,0,12,145.90013717421124,38.352810012483395,34.805725137899096,True
Broken_58.jpg,Broken,3,3720.0,235.96550953388214,0.8395677504645382,0.985039057328214,0.7177310437970288,0.9726027397260274,0,9,147.205389848247,38.4006604340688,34.818812673321986,True
Broken_59.jpg,Broken,3,5390.0,306.1076455116272,0.7228534787108769,0.9653443180800573,0.7819527056434064,1.8524590163934427,0,7,163.4758371040724,37.551605144748514,34.73182649968218,True
Broken_60.jpg,Broken,3,4043.5,257.52185821533203,0.7661946524576837,0.9776353965183753,0.6833699509886767,1.5901639344262295,0,17,124.33870967741936,39.75856111796226,34.70200452289332,True
Broken_61.jpg,Broken,3,5006.5,278.0071402788162,0.8140145800612971,0.9764969767895455,0.7219178082191781,1.3013698630136987,0,4,158.6744049941475,37.11469804608675,34.510841252256604,True
Broken_62.jpg,Broken,3,4998.0,288.1076452732086,0.7566526369221589,0.9807692307692307,0.711965811965812,1.6615384615384616,1,21,119.7447306791569,40.024373398634495,34.523750891954144,True
Dry Cherry_01.jpg,Dry Cherry,4,5710.5,287.8650053739548,0.8659767950323877,0.9893451143451143,0.793125,0.72,1,42,98.60904574267603,45.77239949077316,32.15362854595504,True
Dry Cherry_02.jpg,Dry Cherry,4,6050.5,306.63455641269684,0.8086469194844152,0.9853432130933963,0.6790684624017957,1.1,0,14,77.5270991748908,47.057321146033324,30.583110214547567,True
Dry Cherry_03.jpg,Dry Cherry,4,9198.5,363.1198401451111,0.8766513776188903,0.9816969050160086,0.7821853741496598,0.9375,0,19,55.812312954253954,40.11382340030734,30.330143762550083,True
Dry Cherry_04.jpg,Dry Cherry,4,11007.5,401.7472540140152,0.8570234871937112,0.9868656984041599,0.7502385496183206,0.8549618320610687,0,16,50.292370986494944,38.37218559729267,31.477938695096274,True
Dry Cherry_05.jpg,Dry Cherry,4,8428.0,366.3330399990082,0.7891911584193326,0.9653513544470534,0.7500889996440014,1.0,0,23,53.212488350419385,40.691666330419594,30.82045507066691,True
Dry Cherry_06.jpg,Dry Cherry,4,9116.5,361.4629842042923,0.8768197848140786,0.9893109061313077,0.7870586203919537,1.1818181818181819,0,16,53.04776795341816,42.1830500242505,30.32411086606696,True
Dry Cherry_07.jpg,Dry Cherry,4,8771.0,368.67618811130524,0.8109027962996055,0.975259909934953,0.7060291394993158,0.8211382113821138,0,31,58.7219173479673,40.673670200737824,31.585938660929454,True
Dry Cherry_08.jpg,Dry Cherry,4,20917.0,919.9209138154984,0.3106048806460846,0.7842747605031777,0.5558301445578231,1.3333333333333333,0,52,55.66704198920948,39.55428325871498,31.223662763661764,True
Dry Cherry_09.jpg,Dry Cherry,4,4451.5,255.8650040626526,0.8544653638721007,0.9836482156667772,0.7439004010695187,1.2941176470588236,0,13,71.15081104778606,46.015882771220554,29.871335289663403,True
Dry Cherry_10.jpg,Dry Cherry,4,8781.0,459.1025928258896,0.5235212928882554,0.8343785632839225,0.6336869452262395,1.6021505376344085,2,29,55.80396524838494,41.780949768895546,30.931068943186517,True
Dry Cherry_11.jpg,Dry Cherry,4,8760.5,439.688379406929,0.5694410644882352,0.8667326242888944,0.5849692841880342,0.7222222222222222,0,28,62.49005364327224,38.57807468922406,31.602525370778345,True
Dry Cherry_12.jpg,Dry Cherry,4,8781.0,365.64674866199493,0.8253352783995016,0.9769149468765645,0.719872110181997,1.0654205607476634,0,17,56.6617795187465,36.539343995087854,31.64912436887986,True
Dry Cherry_13.jpg,Dry Cherry,4,5053.5,271.5218583345413,0.8613755482509333,0.9850877192982456,0.7703506097560976,0.975609756097561,0,16,70.5702958808741,45.391834593984846,30.789996770296526,True
Dry Cherry_14.jpg,Dry Cherry,4,7661.5,369.8893904685974,0.7036876364270318,0.9504403920109168,0.5998668963357344,1.203883495145631,0,15,61.43955481642574,38.43941551713982,31.22049085749332,True
Dry Cherry_15.jpg,Dry Cherry,4,11699.0,421.30360329151154,0.8282629939671162,0.979979896130005,0.7301379267303252,0.7414965986394558,1,17,53.495117845117846,35.30020276878875,32.286399556342104,True
Dry Cherry_16.jpg,Dry Cherry,4,8583.5,354.77669191360474,0.8569670341522664,0.9895094818145138,0.7374774465160238,1.0970873786407767,0,16,57.04475732600733,35.41014452139798,32.3735938188078,True
Dry Cherry_17.jpg,Dry Cherry,4,6917.0,327.0782079696655,0.8125019658786042,0.9719665565938312,0.7531576655052264,1.3658536585365855,0,17,52.63130311614731,36.52569248414119,32.17881139086005,True
Dry Cherry_18.jpg,Dry Cherry,4,7822.5,341.9482649564743,0.8406875713745255,0.9811853245531514,0.7518742791234141,1.0,0,19,58.72342828460284,38.09292167179589,31.1501751499766,True
Dry Cherry_19.jpg,Dry Cherry,4,3779.0,231.96551048755646,0.8825512241220855,0.9877156299006795,0.7502481635894381,0.9452054794520548,0,13,93.49755091518432,44.9070354070871,31.07158544024301,True
Dry Cherry_20.jpg,Dry Cherry,4,4524.5,262.5512965917587,0.8248065893398969,0.981240511819562,0.7566053511705686,1.4153846153846155,0,19,85.96939655172413,39.844651997077165,31.797513550353745,True
Dry Cherry_21.jpg,Dry Cherry,4,4596.0,260.4507911205292,0.8514095596791121,0.9823661429945495,0.7527022600720603,0.8255813953488372,1,25,124.35506476959014,42.5488140385736,33.17127661606947,True
Dry Cherry_22.jpg,Dry Cherry,4,4510.5,259.66399347782135,0.8406420054663136,0.9861171840839528,0.7057580973243623,0.927710843373494,0,15,95.49935064935065,42.44687867515442,31.42124141642433,True
Dry Cherry_23.jpg,Dry Cherry,4,3577.0,233.62236404418945,0.8235689709047582,0.9774559366033612,0.6986328125,0.8,0,16,96.5635028555888,39.75215880538535,32.864750927134345,True
Dry Cherry_24.jpg,Dry Cherry,4,5491.0,286.4507908821106,0.8409327307641359,0.983081192373109,0.7703423120089786,0.7272727272727273,0,19,84.19102723873954,46.74821842282765,30.917622217660345,True
Dry Cherry_25.jpg,Dry Cherry,4,3255.0,218.65180206298828,0.8555683983098185,0.9793891981344968,0.7411202185792349,1.180327868852459,0,11,82.36298507462686,38.69941525068499,32.47220996397098,True
Dry Cherry_26.jpg,Dry Cherry,4,9467.0,375.8477603197098,0.842167170916259,0.9868139886381404,0.7400719199499687,0.8455284552845529,2,99,116.88046526119015,40.585139380230856,32.554844432792805,True
Dry Cherry_27.jpg,Dry Cherry,4,9735.0,379.6467487812042,0.8487630208524185,0.983532026672055,0.7112068965517241,0.9830508474576272,0,20,56.06709781729992,35.86994239711292,32.039482028712904,True
Dry Cherry_28.jpg,Dry Cherry,4,7690.5,458.71781623363495,0.45927544252581415,0.7713254099593801,0.47227339719970524,0.855072463768116,0,24,61.47617237008872,35.97383994744424,32.066135857178764,True
Dry Cherry_29.jpg,Dry Cherry,4,8569.5,351.11983716487885,0.8734833162818582,0.9888074770668667,0.7629540598290598,1.21875,0,15,59.37690631808279,35.74068247457429,32.04789151357201,True
Dry Cherry_30.jpg,Dry Cherry,4,6198.0,299.4213539361954,0.8687521576921616,0.9868641031764986,0.7578870139398386,0.925531914893617,0,16,58.854614412136534,34.850171712518915,32.337086524969,True
Dry Cherry_31.jpg,Dry Cherry,4,12660.5,428.37467098236084,0.8669881345712213,0.9839129590052458,0.7434233705226072,1.0076923076923077,6,22,52.43880411086889,34.65756932236319,32.34109831609356,True
Dry Cherry_32.jpg,Dry Cherry,4,5119.5,271.66399466991425,0.8717124453861241,0.9852771362586605,0.7339784946236559,0.8064516129032258,0,14,69.66628462273161,45.54439546093878,30.9216697382379,True
Dry Cherry_33.jpg,Dry Cherry,4,5752.0,293.9066346883774,0.8367774371721386,0.9833319087101462,0.7132936507936508,1.1428571428571428,1,38,106.41102415787682,45.839271685802885,33.0768457365138,True
Dry Cherry_34.jpg,Dry Cherry,4,13813.5,461.0020889043808,0.8167851053515109,0.9819441976186245,0.7187044745057232,1.25,0,58,79.27401855817273,36.21742152067372,32.310859653426064,True
Dry Cherry_35.jpg,Dry Cherry,4,13741.5,444.6589415073395,0.8733532617337176,0.9882771764536661,0.726832751507458,0.9927536231884058,0,22,69.59020748079546,38.551686560968854,31.179310337724186,True
Dry Cherry_36.jpg,Dry Cherry,4,12630.5,459.4873694181442,0.7517669893050413,0.9519879404560015,0.7024749721913237,1.1693548387096775,0,21,66.62222222222222,35.77036582679778,32.0532457790635,True
Dry Cherry_37.jpg,Dry Cherry,4,14222.5,451.34523260593414,0.8773403173426997,0.9901145184308539,0.7507654138513513,0.8648648648648649,0,26,68.8367672563302,38.508023440348275,31.119649252611037,True
Dry Cherry_38.jpg,Dry Cherry,4,12412.0,420.96045756340027,0.8801749926898305,0.9899505503270059,0.7536126290224651,0.9037037037037037,0,24,69.51683608640407,36.87740310626212,31.70208332779859,True
Dry Cherry_39.jpg,Dry Cherry,4,6885.0,323.2203439474106,0.8281641611717213,0.9765264874831572,0.7478005865102639,0.9393939393939394,0,19,92.79655466970387,39.84615408667212,32.12639524152224,True
Dry Cherry_40.jpg,Dry Cherry,4,8087.5,354.6345571279526,0.8080943159080524,0.9793533543230807,0.7491894395553497,0.6692913385826772,0,17,82.72021354040281,37.412460462858576,31.79123802142052,True
Dry Cherry_41.jpg,Dry Cherry,4,5824.5,308.8355675935745,0.7673860356576091,0.9621706450813579,0.7496138996138996,0.6306306306306306,0,17,95.88672596073167,37.797767075125655,32.385316716492405,True
Dry Cherry_42.jpg,Dry Cherry,4,4154.5,249.86500465869904,0.8362146242831752,0.9854127134724858,0.7099282296650717,0.987012987012987,0,15,105.53214453308306,43.83566146763814,31.441776766664454,True
Dry Cherry_43.jpg,Dry Cherry,4,9981.5,377.94826650619507,0.8780938988780103,0.9876317221590066,0.7791959406713506,1.161904761904762,0,19,54.58387541888429,39.92468424478772,31.223853747058826,True
Dry Cherry_44.jpg,Dry Cherry,4,6100.0,304.73506224155426,0.8254577448111263,0.9877742692899361,0.7193396226415094,0.7547169811320755,0,17,103.72572620767131,42.42898676833228,31.62595648936052,True
Dry Cherry_45.jpg,Dry Cherry,4,10429.0,385.70562386512756,0.8809283547588745,0.990220281048234,0.7924169895904567,1.1495327102803738,0,17,57.2411775806756,39.12091326042584,30.45583991235839,True
Dry Cherry_46.jpg,Dry Cherry,4,12252.5,420.0904005765915,0.8724671016893549,0.9869507430826856,0.784210189452125,1.0161290322580645,1,19,55.19885815374719,35.34697979605198,32.16024970465949,True
Dry Cherry_47.jpg,Dry Cherry,4,11854.0,413.3036037683487,0.8720399929610393,0.9895650722097004,0.7489732735199343,1.1176470588235294,0,20,52.59080708170559,36.50054559585085,31.559723774110232,True
Dry Cherry_48.jpg,Dry Cherry,4,14299.0,456.617311000824,0.8618085250340409,0.9863420017934745,0.7651434075342466,1.140625,0,21,55.39976545253863,35.62031535426497,32.32627735381502,True
Dry Cherry_49.jpg,Dry Cherry,4,12636.0,428.6173129081726,0.8643309463677152,0.9855705483191639,0.7373949579831933,0.9264705882352942,2,20,52.392464310788675,35.68355888708138,32.16744213643983,True
Dry Cherry_50.jpg,Dry Cherry,4,10843.5,394.9188268184662,0.8737026871918021,0.9907263590680676,0.7615887062789718,1.1150442477876106,0,19,59.17668422008353,37.58688430105956,31.084894460307705,True
Dry Cherry_51.jpg,Dry Cherry,4,9187.5,363.80612993240356,0.872302648905004,0.9856775024139041,0.78178182437032,0.9203539823008849,1,18,58.99764630362683,38.109745402376014,31.467126822205042,True
Dry Cherry_52.jpg,Dry Cherry,4,9601.0,368.67618811130524,0.8876385528756713,0.9880621591026036,0.7589723320158103,1.0454545454545454,0,15,56.824059842196945,38.14160430224367,31.4135788965043,True
Dry Cherry_53.jpg,Dry Cherry,4,10115.5,385.7472538948059,0.8542628738010829,0.9850520985490311,0.7397615913412315,1.2169811320754718,0,27,52.119151833479236,36.17430408913059,32.56681013067995,True
Dry Cherry_54.jpg,Dry Cherry,4,6361.5,304.4924212694168,0.8622166800569173,0.9854387731391836,0.745255388940956,1.1022727272727273,0,15,52.87940859387032,41.2012799837957,30.471969679263957,True
Severe Insect Damange_01.jpg,Severe Insect Damage,5,2951.0,223.19595801830292,0.7444000996855111,0.9455302787568087,0.737012987012987,1.4807692307692308,1,16,162.7096985583224,39.526693383463204,34.5534019442505,True
Severe Insect Damange_02.jpg,Severe Insect Damage,5,3160.5,243.58073449134827,0.669390874115903,0.9241228070175439,0.70546875,0.9142857142857143,2,40,122.27347812786785,42.076313471749565,33.35484881004545,True
Severe Insect Damange_03.jpg,Severe Insect Damage,5,3568.5,229.2375876903534,0.8533435413518378,0.9818406933553446,0.78,1.2295081967213115,2,23,144.45843554101936,42.10722236317519,34.04633334731765,True
Severe Insect Damange_04.jpg,Severe Insect Damage,5,3754.5,241.72286999225616,0.8074701724128518,0.9667825415218231,0.7267711962833914,1.3015873015873016,2,30,133.68937823834196,42.727472042618324,33.47450471993594,True
Severe Insect Damange_05.jpg,Severe Insect Damage,5,4863.5,303.5218583345413,0.6634051507852016,0.9323301063931755,0.6719397623652943,0.8191489361702128,2,9,178.6948168901341,40.106197302953206,34.72205009026731,True
Severe Insect Damange_06.jpg,Severe Insect Damage,5,4137.0,263.07820785045624,0.7511482080991528,0.9499425947187141,0.6517013232514177,1.3333333333333333,1,38,121.76930320150659,41.38112233784078,33.01060674609159,True
Severe Insect Damange_07.jpg,Severe Insect Damage,5,3642.0,312.30865597724915,0.4692256696572026,0.8969338751385297,0.6845864661654135,1.0857142857142856,1,35,141.0660851176315,41.15768862050238,33.9818707597948,True
Severe Insect Damange_08.jpg,Severe Insect Damage,5,4213.5,271.72286915779114,0.7171342733603909,0.9706288873531445,0.7366258741258741,1.8909090909090909,0,13,167.25334563913245,39.79968013878724,34.51233750392081,True
Severe Insect Damange_09.jpg,Severe Insect Damage,5,3296.0,257.96550941467285,0.6224060130510065,0.9226032190342898,0.6645161290322581,1.2903225806451613,1,35,103.59196245233207,39.10223601134309,34.379440157301374,True
Severe Insect Damange_10.jpg,Severe Insect Damage,5,4214.5,272.55129647254944,0.7129505653793056,0.9706356517733763,0.7297835497835498,1.9090909090909092,0,17,167.26435986159169,39.79409248563863,34.50922649923355,True
Severe Insect Damange_11.jpg,Severe Insect Damage,5,4727.0,282.24978160858154,0.7456383507863862,0.9457783113245298,0.7082709020077914,1.323943661971831,4,39,122.25288778877888,40.86732260266926,33.15631400753828,True
Severe Insect Damange_12.jpg,Severe Insect Damage,5,6144.5,299.46298372745514,0.8610138110181323,0.9881794789321325,0.7107576633892423,1.043956043956044,2,19,156.36501355445702,41.75125943631714,34.239162147968365,True
Severe Insect Damange_13.jpg,Severe Insect Damage,5,5743.0,298.793937087059,0.8083605647258851,0.982129115006413,0.7778680753081403,0.6448598130841121,0,18,165.19928522804628,40.14890619851021,34.50730951268708,True
Severe Insect Damange_14.jpg,Severe Insect Damage,5,4705.5,278.20815098285675,0.7639693618886392,0.959033934576582,0.7035735645933014,1.1578947368421053,2,18,168.76512013256007,38.20075582453178,34.35835661640477,True
Severe Insect Damange_15.jpg,Severe Insect Damage,5,5977.5,292.8355677127838,0.8759550063530586,0.9880981899330523,0.7624362244897959,1.225,1,20,150.23558322411535,41.14131197286599,34.12336191226068,True
Severe Insect Damange_16.jpg,Severe Insect Damage,5,3952.0,257.96550953388214,0.7462829372888995,0.9766464846163351,0.6818495514147688,1.4603174603174602,1,17,156.54686346863468,41.21821779555069,34.031720799560645,True
Severe Insect Damange_17.jpg,Severe Insect Damage,5,3943.5,236.89444267749786,0.8830432269445635,0.9878507014028056,0.7744501178318932,0.881578947368421,2,14,166.49938225846307,39.13908840548834,34.79426538158819,True
Severe Insect Damange_18.jpg,Severe Insect Damage,5,3464.0,234.79393792152405,0.7896124508078884,0.9686800894854586,0.6893532338308458,1.1194029850746268,1,23,158.6490883590463,40.380123353097005,34.38952144763457,True
Severe Insect Damange_19.jpg,Severe Insect Damage,5,3529.5,226.6934323310852,0.8630683169337807,0.9882402351952961,0.7036483253588517,1.1515151515151516,1,15,178.96303448275862,39.5777971734896,34.58500567270493,True
Severe Insect Damange_20.jpg,Severe Insect Damage,5,4162.0,243.96550977230072,0.8787292318334842,0.9878946119154997,0.7650735294117647,1.1764705882352942,0,21,166.6555763823805,40.6129165585416,34.62863442877465,True
Severe Insect Damange_21.jpg,Severe Insect Damage,5,2402.5,210.46803629398346,0.681555084901769,0.9290409899458624,0.7360600490196079,0.796875,0,35,112.62905162064826,43.29623425030128,32.971670130325606,True
Severe Insect Damange_22.jpg,Severe Insect Damage,5,3244.5,237.37972378730774,0.723553089384744,0.9573620537031573,0.7016652249134948,1.0,2,27,147.46877801015836,42.01224335681604,34.37012322318428,True
Severe Insect Damange_23.jpg,Severe Insect Damage,5,5766.5,293.17871379852295,0.8430576817640516,0.9854738101341536,0.7700988247863247,1.2307692307692308,0,21,172.97845266372582,40.66794523529834,34.70246242890374,True
Severe Insect Damange_24.jpg,Severe Insect Damage,5,5165.0,274.10764586925507,0.8638491103569853,0.9891793545915925,0.7607895124466048,1.273972602739726,3,12,168.2840651021953,40.151126353822086,34.6998932754836,True
Severe Insect Damange_25.jpg,Severe Insect Damage,5,4027.0,239.96550977230072,0.878807679714672,0.9895564565671459,0.7648622981956316,1.2461538461538462,0,16,170.57298474945534,40.248927201610144,34.5906776967863,True
Severe Insect Damange_26.jpg,Severe Insect Damage,5,4213.0,247.62236428260803,0.8634189802097959,0.9803374054682955,0.7399016508605549,0.9358974358974359,2,16,167.62037037037038,40.664448187158996,34.21505288765941,True
Severe Insect Damange_27.jpg,Severe Insect Damage,5,4903.5,280.97770297527313,0.780498958924748,0.9793289394847214,0.6429976396538158,0.8817204301075269,4,27,149.72779769016327,40.24316611097875,34.27740444398027,True
Severe Insect Damange_28.jpg,Severe Insect Damage,5,3426.0,230.1665199995041,0.8126675521027841,0.9675232985032477,0.7800546448087432,1.180327868852459,1,17,181.1142290249433,38.06216814267627,34.519092184720925,True
Severe Insect Damange_29.jpg,Severe Insect Damage,5,6072.0,304.87719678878784,0.820902808774791,0.9844357976653697,0.682247191011236,0.89,0,15,175.59071117561683,37.98396007978419,34.60028976411769,True
Severe Insect Damange_30.jpg,Severe Insect Damage,5,4247.0,256.3086568117142,0.8123918831737534,0.9831018518518518,0.7657771366750812,1.5932203389830508,0,21,168.32935779816515,37.705743720197994,34.45925003354645,True
Severe Insect Damange_31.jpg,Severe Insect Damage,5,1880.5,218.26702570915222,0.49602885491438176,0.8339246119733925,0.6027243589743589,0.8666666666666667,0,26,116.42618806875632,38.729245621493206,34.137730382269496,True
Severe Insect Damange_32.jpg,Severe Insect Damage,5,4083.5,245.8650050163269,0.8488852501353201,0.9833835039133052,0.7333872126436781,0.735632183908046,3,18,190.27452852709476,37.68510713965069,34.600750844853,True
Severe Insect Damange_33.jpg,Severe Insect Damage,5,2628.5,215.9238796234131,0.7084618938102856,0.9667157043030526,0.6564685314685315,0.6753246753246753,2,13,162.73054331864904,38.434440418123955,34.774002499911276,True
Severe Insect Damange_34.jpg,Severe Insect Damage,5,4261.5,249.8650050163269,0.8577515010667723,0.9863441731281102,0.735248447204969,1.2173913043478262,1,17,178.25612268253604,37.58941324083747,34.4842350953452,True
Severe Insect Damange_35.jpg,Severe Insect Damage,5,4056.5,250.6934312582016,0.8111019306422967,0.9767637852155069,0.6883590700831494,1.1690140845070423,0,20,148.9752641690682,38.27302076270359,34.10641687803271,True
Severe Insect Damange_36.jpg,Severe Insect Damage,5,4897.5,265.03657841682434,0.8761383211482153,0.988295832912925,0.7750435195442317,0.797752808988764,3,18,192.2659086375424,37.655746151846344,34.64609318068483,True
Severe Insect Damange_37.jpg,Severe Insect Damage,5,4314.5,268.69343173503876,0.7509763098513446,0.956864049678421,0.6940958815958816,0.8809523809523809,0,23,146.50598059128865,39.19928348770234,34.568968352782015,True
Severe Insect Damange_38.jpg,Severe Insect Damage,5,4748.5,276.49242103099823,0.7805484106539788,0.9653384834315918,0.6546043562172594,0.8387096774193549,0,21,185.81401561857788,38.05082634300715,34.631390983451574,True
Severe Insect Damange_39.jpg,Severe Insect Damage,5,4573.0,334.8771961927414,0.5124363342438731,0.9368022124347024,0.6540331807780321,1.2105263157894737,0,21,153.68645325418697,41.20855616010741,34.11682024051226,True
Severe Insect Damange_40.jpg,Severe Insect Damage,5,2690.0,253.48022842407227,0.5261068596501972,0.9031391640087292,0.6691542288557214,1.1166666666666667,4,12,175.40221270521056,38.13516256556208,34.73800009936336,True
Severe Insect Damange_41.jpg,Severe Insect Damage,5,3313.5,227.03657841682434,0.8078024626225827,0.9819232478885761,0.6667002012072435,1.0142857142857142,2,18,151.72785923753665,38.17209264365694,34.142246090901665,True
Severe Insect Damange_42.jpg,Severe Insect Damage,5,5629.5,284.835568189621,0.8719493288488214,0.9888459511681011,0.7446428571428572,0.9333333333333333,1,22,164.7912030598053,40.31944067498367,34.84161057211964,True
Severe Insect Damange_43.jpg,Severe Insect Damage,5,3508.0,233.27921855449677,0.8100602936083943,0.9798882681564246,0.6676817662733155,0.9594594594594594,0,22,168.8666481840865,38.93371282929516,34.62475671311013,True
Severe Insect Damange_44.jpg,Severe Insect Damage,5,4345.5,264.2081505060196,0.7822709384057644,0.9735633471490982,0.7260651629072682,0.6631578947368421,2,28,151.5987446760816,41.54927605521914,33.79257667509135,True
Severe Insect Damange_45.jpg,Severe Insect Damage,5,4750.5,272.20815074443817,0.8056509733316295,0.984559585492228,0.7297235023041475,0.7526881720430108,3,18,173.58665297741274,36.91804411369563,34.443049687731495,True
Severe Insect Damange_46.jpg,Severe Insect Damage,5,4659.0,271.7644989490509,0.7927150937639238,0.9639975170701428,0.6845430502497796,0.9879518072289156,0,22,171.32579564489112,39.35826542053504,34.85347982986667,True
Severe Insect Damange_47.jpg,Severe Insect Damage,5,3971.5,242.06601536273956,0.8517198878149115,0.9854838709677419,0.7750780640124902,0.7261904761904762,1,6,192.38891613536046,37.31194870091318,34.576215331768964,True
Severe Insect Damange_48.jpg,Severe Insect Damage,5,5071.0,273.56348860263824,0.8515050103569154,0.9838005626151906,0.696565934065934,0.8791208791208791,3,28,168.4676050906286,39.26414124086395,34.39775016534669,True
Severe Insect Damange_49.jpg,Severe Insect Damage,5,8234.0,362.87719762325287,0.785780720017469,0.9765759354800451,0.7334105281909682,0.944954128440367,1,37,132.69899904671115,39.30573314147216,34.835018431235035,True
Severe Insect Damange_50.jpg,Severe Insect Damage,5,5275.0,279.07820773124695,0.8510997785725165,0.9857049425394749,0.7136093073593074,0.9545454545454546,0,27,119.39729328883945,40.2439797928207,35.25605633476539,True
Severe Insect Damange_51.jpg,Severe Insect Damage,5,9938.0,391.6467479467392,0.8141788322340693,0.979933934822265,0.7063255152807392,1.276190476190476,2,39,126.43295398317665,40.69681920443878,34.97478558095615,True
Severe Insect Damange_52.jpg,Severe Insect Damage,5,6269.0,310.93607234954834,0.8148279489873276,0.9761756462161321,0.7801144848183176,0.8367346938775511,3,25,95.08679363097096,41.572995126402745,34.584149576484755,True
Severe Insect Damange_53.jpg,Severe Insect Damage,5,7778.0,351.5634882450104,0.7908065776620024,0.9797203678045093,0.7733916674952769,0.7876106194690266,1,19,141.74836106908725,39.14016738106747,35.10196903782531,True
Severe Insect Damange_54.jpg,Severe Insect Damage,5,6614.5,332.1492757797241,0.7534254135001355,0.978548709224055,0.7313688633348077,1.5657894736842106,1,45,112.69684864624945,41.988410109410395,34.48344125007977,True
Severe Insect Damange_55.jpg,Severe Insect Damage,5,6013.0,296.1076455116272,0.8617907450458675,0.9871131905113683,0.7809090909090909,1.2987012987012987,0,11,140.15008953280156,38.97166714384248,34.68155834775706,True
Severe Insect Damange_56.jpg,Severe Insect Damage,5,4505.0,276.1076452732086,0.742587774439422,0.9813745779326871,0.6969368811881188,1.578125,2,18,102.60756756756757,43.24340130219502,34.20766141729922,True
Severe Insect Damange_57.jpg,Severe Insect Damage,5,3663.5,229.3797242641449,0.87497573090472,0.9862700228832952,0.7501023751023751,1.121212121212121,1,33,118.08160552897395,39.90404110804167,34.673030134070004,True
